,time,induksi
0,2024-07-23 16:47:52.043062+00:00,-0.1038374
1,2024-07-23 16:47:52.043082+00:00,-0.03069207
2,2024-07-23 16:47:52.043102+00:00,-0.2403753
3,2024-07-23 16:47:52.043122+00:00,-0.3795139
4,2024-07-23 16:47:52.043142+00:00,-0.7663713
5,2024-07-23 16:47:52.043162+00:00,-1.494573
6,2024-07-23 16:47:52.043182+00:00,-3.51696
7,2024-07-23 16:47:52.043202+00:00,-10.64716
8,2024-07-23 16:47:52.043222+00:00,-5.638824
9,2024-07-23 16:47:52.043242+00:00,-8.311391
10,2024-07-23 16:47:52.043262+00:00,-0.3551321
11,2024-07-23 16:47:52.043282+00:00,-8.961897
12,2024-07-23 16:47:52.043302+00:00,-2.765351
13,2024-07-23 16:47:52.043322+00:00,-3.428535
14,2024-07-23 16:47:52.043342+00:00,-9.290238
15,2024-07-23 16:47:52.043362+00:00,2.180897
16,2024-07-23 16:47:52.043382+00:00,-8.819832
17,2024-07-23 16:47:52.043402+00:00,-2.190592
18,2024-07-23 16:47:52.043422+00:00,-5.877115
19,2024-07-23 16:47:52.043442+00:00,-3.795887
20,2024-07-23 16:47:52.043462+00:00,-5.793567
21,2024-07-23 16:47:52.043482+00:00,-10.64716
22,2024-07-23 16:47:52.043502+00:00,-2.871981
23,2024-07-23 16:47:52.043522+00:00,-10.64716
24,2024-07-23 16:47:52.043542+00:00,-4.554648
25,2024-07-23 16:47:52.043562+00:00,-5.277324
26,2024-07-23 16:47:52.043582+00:00,-7.437548
27,2024-07-23 16:47:52.043602+00:00,-6.371577
28,2024-07-23 16:47:52.043622+00:00,-7.606595
29,2024-07-23 16:47:52.043642+00:00,1.318758
30,2024-07-23 16:47:52.043662+00:00,-5.916126
31,2024-07-23 16:47:52.043682+00:00,-0.8398417
32,2024-07-23 16:47:52.043702+00:00,-0.8915311
33,2024-07-23 16:47:52.043722+00:00,-1.965304
34,2024-07-23 16:47:52.043742+00:00,-1.437032
35,2024-07-23 16:47:52.043762+00:00,-2.305349
36,2024-07-23 16:47:52.043782+00:00,1.619791
37,2024-07-23 16:47:52.043802+00:00,-3.431786
38,2024-07-23 16:47:52.043822+00:00,-0.4695639
39,2024-07-23 16:47:52.043842+00:00,0.9208471
40,2024-07-23 16:47:52.043862+00:00,0.2810695
41,2024-07-23 16:47:52.043882+00:00,0.08861605
42,2024-07-23 16:47:52.043902+00:00,0.9520558
43,2024-07-23 16:47:52.043922+00:00,3.682814
44,2024-07-23 16:47:52.043942+00:00,-1.486771
45,2024-07-23 16:47:52.043962+00:00,-1.729614
46,2024-07-23 16:47:52.043982+00:00,-1.728638
47,2024-07-23 16:47:52.044002+00:00,-3.061834
48,2024-07-23 16:47:52.044022+00:00,-4.049458
49,2024-07-23 16:47:52.044042+00:00,-3.205198
50,2024-07-23 16:47:52.044062+00:00,-1.223123
51,2024-07-23 16:47:52.044082+00:00,-5.098524
52,2024-07-23 16:47:52.044102+00:00,-3.148958
53,2024-07-23 16:47:52.044122+00:00,1.04048
54,2024-07-23 16:47:52.044142+00:00,5.099232
55,2024-07-23 16:47:52.044162+00:00,0.6731283
56,2024-07-23 16:47:52.044182+00:00,-3.495829
57,2024-07-23 16:47:52.044202+00:00,0.2771684
58,2024-07-23 16:47:52.044222+00:00,0.430611
59,2024-07-23 16:47:52.044242+00:00,2.783289
60,2024-07-23 16:47:52.044262+00:00,-1.820964
61,2024-07-23 16:47:52.044282+00:00,-1.322601
62,2024-07-23 16:47:52.044302+00:00,-0.2699585
63,2024-07-23 16:47:52.044322+00:00,-1.668822
64,2024-07-23 16:47:52.044342+00:00,0.9676601
65,2024-07-23 16:47:52.044362+00:00,0.3841231
66,2024-07-23 16:47:52.044382+00:00,0.0470045
67,2024-07-23 16:47:52.044402+00:00,-6.605317
68,2024-07-23 16:47:52.044422+00:00,-2.579075
69,2024-07-23 16:47:52.044442+00:00,2.762158
70,2024-07-23 16:47:52.044462+00:00,-0.04662149
71,2024-07-23 16:47:52.044482+00:00,-1.451011
72,2024-07-23 16:47:52.044502+00:00,-6.052339
73,2024-07-23 16:47:52.044522+00:00,1.101272
74,2024-07-23 16:47:52.044542+00:00,0.8220197
75,2024-07-23 16:47:52.044562+00:00,0.4611695
76,2024-07-23 16:47:52.044582+00:00,-1.312848
77,2024-07-23 16:47:52.044602+00:00,-3.279644
78,2024-07-23 16:47:52.044622+00:00,3.23484
79,2024-07-23 16:47:52.044642+00:00,0.1247011
80,2024-07-23 16:47:52.044662+00:00,1.521939
81,2024-07-23 16:47:52.044682+00:00,-1.5001
82,2024-07-23 16:47:52.044702+00:00,-0.7806753
83,2024-07-23 16:47:52.044722+00:00,1.741375
84,2024-07-23 16:47:52.044742+00:00,-2.623937
85,2024-07-23 16:47:52.044762+00:00,1.296326
86,2024-07-23 16:47:52.044782+00:00,-0.3252238
87,2024-07-23 16:47:52.044802+00:00,0.7602525
88,2024-07-23 16:47:52.044822+00:00,0.0603332
89,2024-07-23 16:47:52.044842+00:00,-2.591753
90,2024-07-23 16:47:52.044862+00:00,1.711467
91,2024-07-23 16:47:52.044882+00:00,0.1419309
92,2024-07-23 16:47:52.044902+00:00,1.881164
93,2024-07-23 16:47:52.044922+00:00,-0.01931391
94,2024-07-23 16:47:52.044942+00:00,-1.977007
95,2024-07-23 16:47:52.044962+00:00,-0.7234594
96,2024-07-23 16:47:52.044982+00:00,-0.5075995
97,2024-07-23 16:47:52.045002+00:00,2.08272
98,2024-07-23 16:47:52.045022+00:00,1.203025
99,2024-07-23 16:47:52.045042+00:00,-0.0830316
100,2024-07-23 16:47:52.045062+00:00,-1.327802
101,2024-07-23 16:47:52.045082+00:00,-1.355435
102,2024-07-23 16:47:52.045102+00:00,0.6204637
103,2024-07-23 16:47:52.045122+00:00,1.907171
104,2024-07-23 16:47:52.045142+00:00,2.054762
105,2024-07-23 16:47:52.045162+00:00,0.2888716
106,2024-07-23 16:47:52.045182+00:00,-3.726643
107,2024-07-23 16:47:52.045202+00:00,-2.829394
108,2024-07-23 16:47:52.045222+00:00,1.061936
109,2024-07-23 16:47:52.045242+00:00,2.435768
110,2024-07-23 16:47:52.045262+00:00,4.80275
111,2024-07-23 16:47:52.045282+00:00,-0.01086156
112,2024-07-23 16:47:52.045302+00:00,-2.938299
113,2024-07-23 16:47:52.045322+00:00,-3.712664
114,2024-07-23 16:47:52.045342+00:00,-3.96721
115,2024-07-23 16:47:52.045362+00:00,1.970238
116,2024-07-23 16:47:52.045382+00:00,1.180269
117,2024-07-23 16:47:52.045402+00:00,2.834003
118,2024-07-23 16:47:52.045422+00:00,2.51574
119,2024-07-23 16:47:52.045442+00:00,-0.2884886
120,2024-07-23 16:47:52.045462+00:00,-0.440956
121,2024-07-23 16:47:52.045482+00:00,-5.431742
122,2024-07-23 16:47:52.045502+00:00,-3.166513
123,2024-07-23 16:47:52.045522+00:00,-5.223684
124,2024-07-23 16:47:52.045542+00:00,-1.673048
125,2024-07-23 16:47:52.045562+00:00,2.28265
126,2024-07-23 16:47:52.045582+00:00,1.869135
127,2024-07-23 16:47:52.045602+00:00,5.717554
128,2024-07-23 16:47:52.045622+00:00,3.40031
129,2024-07-23 16:47:52.045642+00:00,5.52315
130,2024-07-23 16:47:52.045662+00:00,5.711377
131,2024-07-23 16:47:52.045682+00:00,2.610666
132,2024-07-23 16:47:52.045702+00:00,4.264075
133,2024-07-23 16:47:52.045722+00:00,-1.443209
134,2024-07-23 16:47:52.045742+00:00,-0.3271744
135,2024-07-23 16:47:52.045762+00:00,-1.527408
136,2024-07-23 16:47:52.045782+00:00,4.669463
137,2024-07-23 16:47:52.045802+00:00,6.818309
138,2024-07-23 16:47:52.045822+00:00,6.174306
139,2024-07-23 16:47:52.045842+00:00,6.972727
140,2024-07-23 16:47:52.045862+00:00,1.843128
141,2024-07-23 16:47:52.045882+00:00,-0.8723507
142,2024-07-23 16:47:52.045902+00:00,-1.904187
143,2024-07-23 16:47:52.045922+00:00,-4.066362
144,2024-07-23 16:47:52.045942+00:00,-0.8115589
145,2024-07-23 16:47:52.045962+00:00,-0.1678802
146,2024-07-23 16:47:52.045982+00:00,3.636976
147,2024-07-23 16:47:52.046002+00:00,0.6695523
148,2024-07-23 16:47:52.046022+00:00,-2.609308
149,2024-07-23 16:47:52.046042+00:00,3.825203
150,2024-07-23 16:47:52.046062+00:00,0.4358124
151,2024-07-23 16:47:52.046082+00:00,-3.184393
152,2024-07-23 16:47:52.046102+00:00,0.5473184
153,2024-07-23 16:47:52.046122+00:00,0.5681242
154,2024-07-23 16:47:52.046142+00:00,2.163992
155,2024-07-23 16:47:52.046162+00:00,2.970866
156,2024-07-23 16:47:52.046182+00:00,0.6526476
157,2024-07-23 16:47:52.046202+00:00,1.593459
158,2024-07-23 16:47:52.046222+00:00,3.125609
159,2024-07-23 16:47:52.046242+00:00,0.8142175
160,2024-07-23 16:47:52.046262+00:00,-1.564143
161,2024-07-23 16:47:52.046282+00:00,-2.618736
162,2024-07-23 16:47:52.046302+00:00,0.7947121
163,2024-07-23 16:47:52.046322+00:00,2.873989
164,2024-07-23 16:47:52.046342+00:00,1.701064
165,2024-07-23 16:47:52.046362+00:00,-1.064479
166,2024-07-23 16:47:52.046382+00:00,-4.597235
167,2024-07-23 16:47:52.046402+00:00,-1.501725
168,2024-07-23 16:47:52.046422+00:00,0.419883
169,2024-07-23 16:47:52.046442+00:00,3.118457
170,2024-07-23 16:47:52.046462+00:00,2.634398
171,2024-07-23 16:47:52.046482+00:00,1.188721
172,2024-07-23 16:47:52.046502+00:00,0.2521365
173,2024-07-23 16:47:52.046522+00:00,-3.089466
174,2024-07-23 16:47:52.046542+00:00,-0.2475273
175,2024-07-23 16:47:52.046562+00:00,-0.3346515
176,2024-07-23 16:47:52.046582+00:00,0.3707944
177,2024-07-23 16:47:52.046602+00:00,0.2618892
178,2024-07-23 16:47:52.046622+00:00,-1.71466
179,2024-07-23 16:47:52.046642+00:00,0.3717697
180,2024-07-23 16:47:52.046662+00:00,-1.633712
181,2024-07-23 16:47:52.046682+00:00,0.938402
182,2024-07-23 16:47:52.046702+00:00,-0.4926453
183,2024-07-23 16:47:52.046722+00:00,-0.3873161
184,2024-07-23 16:47:52.046742+00:00,0.3239814
185,2024-07-23 16:47:52.046762+00:00,-0.927291
186,2024-07-23 16:47:52.046782+00:00,1.335662
187,2024-07-23 16:47:52.046802+00:00,-1.240028
188,2024-07-23 16:47:52.046822+00:00,0.7761819
189,2024-07-23 16:47:52.046842+00:00,-0.2829621
190,2024-07-23 16:47:52.046862+00:00,-0.5761935
191,2024-07-23 16:47:52.046882+00:00,0.5372406
192,2024-07-23 16:47:52.046902+00:00,-1.577471
193,2024-07-23 16:47:52.046922+00:00,1.285598
194,2024-07-23 16:47:52.046942+00:00,-1.156155
195,2024-07-23 16:47:52.046962+00:00,0.6689022
196,2024-07-23 16:47:52.046982+00:00,0.2839953
197,2024-07-23 16:47:52.047002+00:00,-0.9793054
198,2024-07-23 16:47:52.047022+00:00,1.545671
199,2024-07-23 16:47:52.047042+00:00,-1.898336
200,2024-07-23 16:47:52.047062+00:00,1.402956
201,2024-07-23 16:47:52.047082+00:00,-1.236777
202,2024-07-23 16:47:52.047102+00:00,-0.372687
203,2024-07-23 16:47:52.047122+00:00,0.7566765
204,2024-07-23 16:47:52.047142+00:00,-1.737741
205,2024-07-23 16:47:52.047162+00:00,2.050861
206,2024-07-23 16:47:52.047182+00:00,-1.099264
207,2024-07-23 16:47:52.047202+00:00,1.615565
208,2024-07-23 16:47:52.047222+00:00,0.2349067
209,2024-07-23 16:47:52.047242+00:00,-0.02809135
210,2024-07-23 16:47:52.047262+00:00,3.104803
211,2024-07-23 16:47:52.047282+00:00,-0.4516839
212,2024-07-23 16:47:52.047302+00:00,2.120755
213,2024-07-23 16:47:52.047322+00:00,-4.646649
214,2024-07-23 16:47:52.047342+00:00,-2.711061
215,2024-07-23 16:47:52.047362+00:00,-1.497174
216,2024-07-23 16:47:52.047382+00:00,0.2225532
217,2024-07-23 16:47:52.047402+00:00,5.197409
218,2024-07-23 16:47:52.047422+00:00,-1.997488
219,2024-07-23 16:47:52.047442+00:00,-2.267638
220,2024-07-23 16:47:52.047462+00:00,-6.091025
221,2024-07-23 16:47:52.047482+00:00,-2.117121
222,2024-07-23 16:47:52.047502+00:00,-1.365513
223,2024-07-23 16:47:52.047522+00:00,-3.546218
224,2024-07-23 16:47:52.047542+00:00,-2.245207
225,2024-07-23 16:47:52.047562+00:00,-2.425957
226,2024-07-23 16:47:52.047582+00:00,-0.6730704
227,2024-07-23 16:47:52.047602+00:00,1.117202
228,2024-07-23 16:47:52.047622+00:00,3.555704
229,2024-07-23 16:47:52.047642+00:00,-2.089164
230,2024-07-23 16:47:52.047662+00:00,-6.339719
231,2024-07-23 16:47:52.047682+00:00,-0.2377746
232,2024-07-23 16:47:52.047702+00:00,0.9367765
233,2024-07-23 16:47:52.047722+00:00,3.155517
234,2024-07-23 16:47:52.047742+00:00,-3.865457
235,2024-07-23 16:47:52.047762+00:00,-5.683361
236,2024-07-23 16:47:52.047782+00:00,-1.884032
237,2024-07-23 16:47:52.047802+00:00,-0.8388664
238,2024-07-23 16:47:52.047822+00:00,3.612919
239,2024-07-23 16:47:52.047842+00:00,4.571611
240,2024-07-23 16:47:52.047862+00:00,3.432819
241,2024-07-23 16:47:52.047882+00:00,3.32749
242,2024-07-23 16:47:52.047902+00:00,1.497232
243,2024-07-23 16:47:52.047922+00:00,2.982895
244,2024-07-23 16:47:52.047942+00:00,-0.6519395
245,2024-07-23 16:47:52.047962+00:00,2.059313
246,2024-07-23 16:47:52.047982+00:00,-2.070633
247,2024-07-23 16:47:52.048002+00:00,0.5395162
248,2024-07-23 16:47:52.048022+00:00,-0.2823119
249,2024-07-23 16:47:52.048042+00:00,2.557026
250,2024-07-23 16:47:52.048062+00:00,3.863239
251,2024-07-23 16:47:52.048082+00:00,4.543653
252,2024-07-23 16:47:52.048102+00:00,5.405142
253,2024-07-23 16:47:52.048122+00:00,3.571633
254,2024-07-23 16:47:52.048142+00:00,0.7391216
255,2024-07-23 16:47:52.048162+00:00,-1.908413
256,2024-07-23 16:47:52.048182+00:00,-5.622244
257,2024-07-23 16:47:52.048202+00:00,-2.47407
258,2024-07-23 16:47:52.048222+00:00,-3.474048
259,2024-07-23 16:47:52.048242+00:00,1.672781
260,2024-07-23 16:47:52.048262+00:00,1.706915
261,2024-07-23 16:47:52.048282+00:00,3.960766
262,2024-07-23 16:47:52.048302+00:00,2.223484
263,2024-07-23 16:47:52.048322+00:00,-1.559266
264,2024-07-23 16:47:52.048342+00:00,-0.9493971
265,2024-07-23 16:47:52.048362+00:00,-6.264623
266,2024-07-23 16:47:52.048382+00:00,1.198474
267,2024-07-23 16:47:52.048402+00:00,1.140933
268,2024-07-23 16:47:52.048422+00:00,4.283581
269,2024-07-23 16:47:52.048442+00:00,2.42569
270,2024-07-23 16:47:52.048462+00:00,-3.191219
271,2024-07-23 16:47:52.048482+00:00,-0.8460184
272,2024-07-23 16:47:52.048502+00:00,-5.161917
273,2024-07-23 16:47:52.048522+00:00,3.030683
274,2024-07-23 16:47:52.048542+00:00,0.5730005
275,2024-07-23 16:47:52.048562+00:00,0.7527754
276,2024-07-23 16:47:52.048582+00:00,1.053809
277,2024-07-23 16:47:52.048602+00:00,-3.024448
278,2024-07-23 16:47:52.048622+00:00,3.096676
279,2024-07-23 16:47:52.048642+00:00,-1.742617
280,2024-07-23 16:47:52.048662+00:00,2.379527
281,2024-07-23 16:47:52.048682+00:00,-2.469519
282,2024-07-23 16:47:52.048702+00:00,-3.229905
283,2024-07-23 16:47:52.048722+00:00,3.192903
284,2024-07-23 16:47:52.048742+00:00,0.4936785
285,2024-07-23 16:47:52.048762+00:00,5.123614
286,2024-07-23 16:47:52.048782+00:00,-5.084545
287,2024-07-23 16:47:52.048802+00:00,-3.649597
288,2024-07-23 16:47:52.048822+00:00,-1.704582
289,2024-07-23 16:47:52.048842+00:00,-0.513126
290,2024-07-23 16:47:52.048862+00:00,5.538429
291,2024-07-23 16:47:52.048882+00:00,-1.794307
292,2024-07-23 16:47:52.048902+00:00,0.9436034
293,2024-07-23 16:47:52.048922+00:00,-1.505627
294,2024-07-23 16:47:52.048942+00:00,0.3249567
295,2024-07-23 16:47:52.048962+00:00,1.546646
296,2024-07-23 16:47:52.048982+00:00,-2.028372
297,2024-07-23 16:47:52.049002+00:00,2.525818
298,2024-07-23 16:47:52.049022+00:00,2.000472
299,2024-07-23 16:47:52.049042+00:00,2.919177
300,2024-07-23 16:47:52.049062+00:00,0.243359
301,2024-07-23 16:47:52.049082+00:00,-2.794609
302,2024-07-23 16:47:52.049102+00:00,0.9429532
303,2024-07-23 16:47:52.049122+00:00,0.675404
304,2024-07-23 16:47:52.049142+00:00,1.079166
305,2024-07-23 16:47:52.049162+00:00,-2.198069
306,2024-07-23 16:47:52.049182+00:00,1.053809
307,2024-07-23 16:47:52.049202+00:00,4.183453
308,2024-07-23 16:47:52.049222+00:00,0.4761236
309,2024-07-23 16:47:52.049242+00:00,1.949433
310,2024-07-23 16:47:52.049262+00:00,-3.678205
311,2024-07-23 16:47:52.049282+00:00,-1.569019
312,2024-07-23 16:47:52.049302+00:00,4.003353
313,2024-07-23 16:47:52.049322+00:00,-0.1295195
314,2024-07-23 16:47:52.049342+00:00,-0.6668937
315,2024-07-23 16:47:52.049362+00:00,0.182242
316,2024-07-23 16:47:52.049382+00:00,3.248818
317,2024-07-23 16:47:52.049402+00:00,0.7407471
318,2024-07-23 16:47:52.049422+00:00,-3.252662
319,2024-07-23 16:47:52.049442+00:00,-4.123578
320,2024-07-23 16:47:52.049462+00:00,-0.6301585
321,2024-07-23 16:47:52.049482+00:00,1.940005
322,2024-07-23 16:47:52.049502+00:00,3.194203
323,2024-07-23 16:47:52.049522+00:00,3.783592
324,2024-07-23 16:47:52.049542+00:00,1.043731
325,2024-07-23 16:47:52.049562+00:00,-0.5937484
326,2024-07-23 16:47:52.049582+00:00,-1.569994
327,2024-07-23 16:47:52.049602+00:00,0.3256068
328,2024-07-23 16:47:52.049622+00:00,2.92893
329,2024-07-23 16:47:52.049642+00:00,-0.5173522
330,2024-07-23 16:47:52.049662+00:00,1.381825
331,2024-07-23 16:47:52.049682+00:00,-0.2075412
332,2024-07-23 16:47:52.049702+00:00,2.989721
333,2024-07-23 16:47:52.049722+00:00,0.7131144
334,2024-07-23 16:47:52.049742+00:00,0.794387
335,2024-07-23 16:47:52.049762+00:00,2.472828
336,2024-07-23 16:47:52.049782+00:00,1.058685
337,2024-07-23 16:47:52.049802+00:00,1.455946
338,2024-07-23 16:47:52.049822+00:00,0.1312029
339,2024-07-23 16:47:52.049842+00:00,-0.09473485
340,2024-07-23 16:47:52.049862+00:00,-0.5313311
341,2024-07-23 16:47:52.049882+00:00,-2.186366
342,2024-07-23 16:47:52.049902+00:00,2.950711
343,2024-07-23 16:47:52.049922+00:00,-0.6421868
344,2024-07-23 16:47:52.049942+00:00,2.117179
345,2024-07-23 16:47:52.049962+00:00,-3.772156
346,2024-07-23 16:47:52.049982+00:00,2.785565
347,2024-07-23 16:47:52.050002+00:00,0.5219614
348,2024-07-23 16:47:52.050022+00:00,0.7498496
349,2024-07-23 16:47:52.050042+00:00,-2.678552
350,2024-07-23 16:47:52.050062+00:00,-0.5550626
351,2024-07-23 16:47:52.050082+00:00,-0.0729538
352,2024-07-23 16:47:52.050102+00:00,-0.1142403
353,2024-07-23 16:47:52.050122+00:00,-0.3512311
354,2024-07-23 16:47:52.050142+00:00,-0.5628648
355,2024-07-23 16:47:52.050162+00:00,-1.30277
356,2024-07-23 16:47:52.050182+00:00,0.007993672
357,2024-07-23 16:47:52.050202+00:00,1.128905
358,2024-07-23 16:47:52.050222+00:00,-0.5033733
359,2024-07-23 16:47:52.050242+00:00,0.7348955
360,2024-07-23 16:47:52.050262+00:00,-2.319327
361,2024-07-23 16:47:52.050282+00:00,3.086923
362,2024-07-23 16:47:52.050302+00:00,0.2976491
363,2024-07-23 16:47:52.050322+00:00,0.4455652
364,2024-07-23 16:47:52.050342+00:00,0.7969877
365,2024-07-23 16:47:52.050362+00:00,-2.607682
366,2024-07-23 16:47:52.050382+00:00,1.081117
367,2024-07-23 16:47:52.050402+00:00,-1.08431
368,2024-07-23 16:47:52.050422+00:00,0.999844
369,2024-07-23 16:47:52.050442+00:00,-0.4042208
370,2024-07-23 16:47:52.050462+00:00,-2.009842
371,2024-07-23 16:47:52.050482+00:00,2.405534
372,2024-07-23 16:47:52.050502+00:00,-0.6659184
373,2024-07-23 16:47:52.050522+00:00,0.5954318
374,2024-07-23 16:47:52.050542+00:00,-0.1070883
375,2024-07-23 16:47:52.050562+00:00,-1.762448
376,2024-07-23 16:47:52.050582+00:00,2.422764
377,2024-07-23 16:47:52.050602+00:00,-2.808913
378,2024-07-23 16:47:52.050622+00:00,2.699741
379,2024-07-23 16:47:52.050642+00:00,-0.3957684
380,2024-07-23 16:47:52.050662+00:00,-1.309272
381,2024-07-23 16:47:52.050682+00:00,2.292728
382,2024-07-23 16:47:52.050702+00:00,-2.229603
383,2024-07-23 16:47:52.050722+00:00,1.113301
384,2024-07-23 16:47:52.050742+00:00,-1.490672
385,2024-07-23 16:47:52.050762+00:00,-0.1922619
386,2024-07-23 16:47:52.050782+00:00,1.497557
387,2024-07-23 16:47:52.050802+00:00,-0.8268381
388,2024-07-23 16:47:52.050822+00:00,-1.029694
389,2024-07-23 16:47:52.050842+00:00,0.7420475
390,2024-07-23 16:47:52.050862+00:00,-2.085262
391,2024-07-23 16:47:52.050882+00:00,-0.3418034
392,2024-07-23 16:47:52.050902+00:00,3.169496
393,2024-07-23 16:47:52.050922+00:00,-2.423356
394,2024-07-23 16:47:52.050942+00:00,1.224156
395,2024-07-23 16:47:52.050962+00:00,0.1867933
396,2024-07-23 16:47:52.050982+00:00,-2.227977
397,2024-07-23 16:47:52.051002+00:00,-4.653475
398,2024-07-23 16:47:52.051022+00:00,-4.94053
399,2024-07-23 16:47:52.051042+00:00,-3.162286
400,2024-07-23 16:47:52.051062+00:00,-2.138252
401,2024-07-23 16:47:52.051082+00:00,-1.053751
402,2024-07-23 16:47:52.051102+00:00,-0.6854238
403,2024-07-23 16:47:52.051122+00:00,-0.4594861
404,2024-07-23 16:47:52.051142+00:00,-0.2260713
405,2024-07-23 16:47:52.051162+00:00,-0.260856
406,2024-07-23 16:47:52.051182+00:00,-0.1347209
407,2024-07-23 16:47:52.051202+00:00,-0.07392907
408,2024-07-23 16:47:52.051222+00:00,-0.1015617
409,2024-07-23 16:47:52.051242+00:00,-0.00793575
410,2024-07-23 16:47:52.051262+00:00,-0.07522943
411,2024-07-23 16:47:52.051282+00:00,-0.07165344
412,2024-07-23 16:47:52.051302+00:00,0.007018401
413,2024-07-23 16:47:52.051322+00:00,-0.0430455
414,2024-07-23 16:47:52.051342+00:00,-0.02484044
415,2024-07-23 16:47:52.051362+00:00,0.007018401
416,2024-07-23 16:47:52.051382+00:00,-0.05214802
417,2024-07-23 16:47:52.051402+00:00,-0.02516553
418,2024-07-23 16:47:52.051422+00:00,-0.01541283
419,2024-07-23 16:47:52.051442+00:00,-0.03524333
420,2024-07-23 16:47:52.051462+00:00,0.02944963
421,2024-07-23 16:47:52.051482+00:00,-0.02744117
422,2024-07-23 16:47:52.051502+00:00,-0.02776626
423,2024-07-23 16:47:52.051522+00:00,0.003117318
424,2024-07-23 16:47:52.051542+00:00,-0.008260841
425,2024-07-23 16:47:52.051562+00:00,-0.001108855
426,2024-07-23 16:47:52.051582+00:00,-0.03654369
427,2024-07-23 16:47:52.051602+00:00,0.002792228
428,2024-07-23 16:47:52.051622+00:00,0.01156966
429,2024-07-23 16:47:52.051642+00:00,-0.02093936
430,2024-07-23 16:47:52.051662+00:00,0.02424818
431,2024-07-23 16:47:52.051682+00:00,-0.02354008
432,2024-07-23 16:47:52.051702+00:00,-0.02939171
433,2024-07-23 16:47:52.051722+00:00,0.009619123
434,2024-07-23 16:47:52.051742+00:00,0.000191506
435,2024-07-23 16:47:52.051762+00:00,-0.002734306
436,2024-07-23 16:47:52.051782+00:00,-0.002734306
437,2024-07-23 16:47:52.051802+00:00,-0.019639
438,2024-07-23 16:47:52.051822+00:00,-0.00728557
439,2024-07-23 16:47:52.051842+00:00,0.0138453
440,2024-07-23 16:47:52.051862+00:00,-0.005009938
441,2024-07-23 16:47:52.051882+00:00,-0.001759036
442,2024-07-23 16:47:52.051902+00:00,-0.008585931
443,2024-07-23 16:47:52.051922+00:00,-0.009561202
444,2024-07-23 16:47:52.051942+00:00,0.02457327
445,2024-07-23 16:47:52.051962+00:00,-0.02776626
446,2024-07-23 16:47:52.051982+00:00,0.000516596
447,2024-07-23 16:47:52.052002+00:00,-0.009561202
448,2024-07-23 16:47:52.052022+00:00,-0.01313719
449,2024-07-23 16:47:52.052042+00:00,0.04407869
450,2024-07-23 16:47:52.052062+00:00,-0.03491824
451,2024-07-23 16:47:52.052082+00:00,0.01807147
452,2024-07-23 16:47:52.052102+00:00,-0.004684848
453,2024-07-23 16:47:52.052122+00:00,-0.005660119
454,2024-07-23 16:47:52.052142+00:00,0.03432598
455,2024-07-23 16:47:52.052162+00:00,-0.02939171
456,2024-07-23 16:47:52.052182+00:00,0.03530125
457,2024-07-23 16:47:52.052202+00:00,-0.01541283
458,2024-07-23 16:47:52.052222+00:00,0.004092589
459,2024-07-23 16:47:52.052242+00:00,0.02489837
460,2024-07-23 16:47:52.052262+00:00,-0.01118665
461,2024-07-23 16:47:52.052282+00:00,0.03335071
462,2024-07-23 16:47:52.052302+00:00,-0.01346228
463,2024-07-23 16:47:52.052322+00:00,0.02457327
464,2024-07-23 16:47:52.052342+00:00,-0.01898882
465,2024-07-23 16:47:52.052362+00:00,0.002142048
466,2024-07-23 16:47:52.052382+00:00,0.03074999
467,2024-07-23 16:47:52.052402+00:00,0.003442409
468,2024-07-23 16:47:52.052422+00:00,0.03335071
469,2024-07-23 16:47:52.052442+00:00,0.004092589
470,2024-07-23 16:47:52.052462+00:00,0.03757688
471,2024-07-23 16:47:52.052482+00:00,0.02132237
472,2024-07-23 16:47:52.052502+00:00,0.008643853
473,2024-07-23 16:47:52.052522+00:00,0.03465107
474,2024-07-23 16:47:52.052542+00:00,0.001166777
475,2024-07-23 16:47:52.052562+00:00,0.02099728
476,2024-07-23 16:47:52.052582+00:00,0.0203471
477,2024-07-23 16:47:52.052602+00:00,0.01287003
478,2024-07-23 16:47:52.052622+00:00,0.02619873
479,2024-07-23 16:47:52.052642+00:00,0.01221985
480,2024-07-23 16:47:52.052662+00:00,0.0603332
481,2024-07-23 16:47:52.052682+00:00,0.01839656
482,2024-07-23 16:47:52.052702+00:00,0.03790198
483,2024-07-23 16:47:52.052722+00:00,-0.004034667
484,2024-07-23 16:47:52.052742+00:00,0.02099728
485,2024-07-23 16:47:52.052762+00:00,0.0470045
486,2024-07-23 16:47:52.052782+00:00,0.006693311
487,2024-07-23 16:47:52.052802+00:00,0.04440378
488,2024-07-23 16:47:52.052822+00:00,0.01742129
489,2024-07-23 16:47:52.052842+00:00,0.06553465
490,2024-07-23 16:47:52.052862+00:00,0.03335071
491,2024-07-23 16:47:52.052882+00:00,0.01254494
492,2024-07-23 16:47:52.052902+00:00,0.05285613
493,2024-07-23 16:47:52.052922+00:00,-0.02223972
494,2024-07-23 16:47:52.052942+00:00,0.1308778
495,2024-07-23 16:47:52.052962+00:00,0.01969692
496,2024-07-23 16:47:52.052982+00:00,0.09316732
497,2024-07-23 16:47:52.053002+00:00,0.03074999
498,2024-07-23 16:47:52.053022+00:00,0.1035702
499,2024-07-23 16:47:52.053042+00:00,0.1643621
500,2024-07-23 16:47:52.053062+00:00,0.02197255
501,2024-07-23 16:47:52.053082+00:00,0.2092245
502,2024-07-23 16:47:52.053102+00:00,0.04147797
503,2024-07-23 16:47:52.053122+00:00,0.495304
504,2024-07-23 16:47:52.053142+00:00,0.8311222
505,2024-07-23 16:47:52.053162+00:00,1.47155
506,2024-07-23 16:47:52.053182+00:00,7.030268
507,2024-07-23 16:47:52.053202+00:00,10.39625
508,2024-07-23 16:47:52.053222+00:00,2.349294
509,2024-07-23 16:47:52.053242+00:00,6.741588
510,2024-07-23 16:47:52.053262+00:00,5.830685
511,2024-07-23 16:47:52.053282+00:00,6.936317
512,2024-07-23 16:47:52.053302+00:00,6.388215
513,2024-07-23 16:47:52.053322+00:00,6.126192
514,2024-07-23 16:47:52.053342+00:00,-0.7234594
515,2024-07-23 16:47:52.053362+00:00,1.86751
516,2024-07-23 16:47:52.053382+00:00,3.249469
517,2024-07-23 16:47:52.053402+00:00,5.591094
518,2024-07-23 16:47:52.053422+00:00,-0.1369966
519,2024-07-23 16:47:52.053442+00:00,8.041624
520,2024-07-23 16:47:52.053462+00:00,2.535245
521,2024-07-23 16:47:52.053482+00:00,6.513375
522,2024-07-23 16:47:52.053502+00:00,3.694192
523,2024-07-23 16:47:52.053522+00:00,7.905411
524,2024-07-23 16:47:52.053542+00:00,5.070949
525,2024-07-23 16:47:52.053562+00:00,5.72178
526,2024-07-23 16:47:52.053582+00:00,10.65763
527,2024-07-23 16:47:52.053602+00:00,3.00305
528,2024-07-23 16:47:52.053622+00:00,5.057946
529,2024-07-23 16:47:52.053642+00:00,1.919524
530,2024-07-23 16:47:52.053662+00:00,3.657457
531,2024-07-23 16:47:52.053682+00:00,2.637649
532,2024-07-23 16:47:52.053702+00:00,1.452045
533,2024-07-23 16:47:52.053722+00:00,4.361602
534,2024-07-23 16:47:52.053742+00:00,-1.453612
535,2024-07-23 16:47:52.053762+00:00,2.435443
536,2024-07-23 16:47:52.053782+00:00,2.224459
537,2024-07-23 16:47:52.053802+00:00,2.385054
538,2024-07-23 16:47:52.053822+00:00,-2.477321
539,2024-07-23 16:47:52.053842+00:00,-1.922392
540,2024-07-23 16:47:52.053862+00:00,5.176929
541,2024-07-23 16:47:52.053882+00:00,-1.456213
542,2024-07-23 16:47:52.053902+00:00,1.923751
543,2024-07-23 16:47:52.053922+00:00,-0.8674744
544,2024-07-23 16:47:52.053942+00:00,-2.403851
545,2024-07-23 16:47:52.053962+00:00,-4.557899
546,2024-07-23 16:47:52.053982+00:00,-4.435015
547,2024-07-23 16:47:52.054002+00:00,5.750713
548,2024-07-23 16:47:52.054022+00:00,-2.628488
549,2024-07-23 16:47:52.054042+00:00,-2.627188
550,2024-07-23 16:47:52.054062+00:00,-3.457143
551,2024-07-23 16:47:52.054082+00:00,-0.2446015
552,2024-07-23 16:47:52.054102+00:00,0.3207305
553,2024-07-23 16:47:52.054122+00:00,-6.159944
554,2024-07-23 16:47:52.054142+00:00,0.3330839
555,2024-07-23 16:47:52.054162+00:00,-2.244232
556,2024-07-23 16:47:52.054182+00:00,3.404537
557,2024-07-23 16:47:52.054202+00:00,1.929927
558,2024-07-23 16:47:52.054222+00:00,1.962111
559,2024-07-23 16:47:52.054242+00:00,0.9507554
560,2024-07-23 16:47:52.054262+00:00,-5.31731
561,2024-07-23 16:47:52.054282+00:00,-0.4978468
562,2024-07-23 16:47:52.054302+00:00,1.191972
563,2024-07-23 16:47:52.054322+00:00,4.503667
564,2024-07-23 16:47:52.054342+00:00,-0.4724897
565,2024-07-23 16:47:52.054362+00:00,-0.4107226
566,2024-07-23 16:47:52.054382+00:00,2.675684
567,2024-07-23 16:47:52.054402+00:00,1.681883
568,2024-07-23 16:47:52.054422+00:00,0.3902998
569,2024-07-23 16:47:52.054442+00:00,-1.941898
570,2024-07-23 16:47:52.054462+00:00,1.024876
571,2024-07-23 16:47:52.054482+00:00,-0.386991
572,2024-07-23 16:47:52.054502+00:00,-0.9708531
573,2024-07-23 16:47:52.054522+00:00,-0.3525314
574,2024-07-23 16:47:52.054542+00:00,2.071667
575,2024-07-23 16:47:52.054562+00:00,2.655854
576,2024-07-23 16:47:52.054582+00:00,-2.147355
577,2024-07-23 16:47:52.054602+00:00,-1.203293
578,2024-07-23 16:47:52.054622+00:00,-0.6100029
579,2024-07-23 16:47:52.054642+00:00,2.410736
580,2024-07-23 16:47:52.054662+00:00,-0.296941
581,2024-07-23 16:47:52.054682+00:00,-2.197419
582,2024-07-23 16:47:52.054702+00:00,0.6016085
583,2024-07-23 16:47:52.054722+00:00,1.123703
584,2024-07-23 16:47:52.054742+00:00,2.575556
585,2024-07-23 16:47:52.054762+00:00,-3.483151
586,2024-07-23 16:47:52.054782+00:00,-0.5674161
587,2024-07-23 16:47:52.054802+00:00,0.3896496
588,2024-07-23 16:47:52.054822+00:00,2.752406
589,2024-07-23 16:47:52.054842+00:00,2.203653
590,2024-07-23 16:47:52.054862+00:00,-3.757202
591,2024-07-23 16:47:52.054882+00:00,0.3308083
592,2024-07-23 16:47:52.054902+00:00,-0.4741152
593,2024-07-23 16:47:52.054922+00:00,3.316437
594,2024-07-23 16:47:52.054942+00:00,1.565176
595,2024-07-23 16:47:52.054962+00:00,-2.528035
596,2024-07-23 16:47:52.054982+00:00,0.4816502
597,2024-07-23 16:47:52.055002+00:00,-1.234501
598,2024-07-23 16:47:52.055022+00:00,4.075198
599,2024-07-23 16:47:52.055042+00:00,0.6191633
600,2024-07-23 16:47:52.055062+00:00,-1.200042
601,2024-07-23 16:47:52.055082+00:00,-0.7341874
602,2024-07-23 16:47:52.055102+00:00,-2.879783
603,2024-07-23 16:47:52.055122+00:00,2.921453
604,2024-07-23 16:47:52.055142+00:00,1.275195
605,2024-07-23 16:47:52.055162+00:00,2.363598
606,2024-07-23 16:47:52.055182+00:00,0.7609027
607,2024-07-23 16:47:52.055202+00:00,-3.146357
608,2024-07-23 16:47:52.055222+00:00,-1.315124
609,2024-07-23 16:47:52.055242+00:00,-3.471772
610,2024-07-23 16:47:52.055262+00:00,1.298927
611,2024-07-23 16:47:52.055282+00:00,3.074245
612,2024-07-23 16:47:52.055302+00:00,3.072945
613,2024-07-23 16:47:52.055322+00:00,2.641225
614,2024-07-23 16:47:52.055342+00:00,-3.01437
615,2024-07-23 16:47:52.055362+00:00,-3.143431
616,2024-07-23 16:47:52.055382+00:00,-3.13888
617,2024-07-23 16:47:52.055402+00:00,-0.7501168
618,2024-07-23 16:47:52.055422+00:00,3.028082
619,2024-07-23 16:47:52.055442+00:00,2.807346
620,2024-07-23 16:47:52.055462+00:00,4.744559
621,2024-07-23 16:47:52.055482+00:00,2.638624
622,2024-07-23 16:47:52.055502+00:00,0.2381576
623,2024-07-23 16:47:52.055522+00:00,-2.188316
624,2024-07-23 16:47:52.055542+00:00,-5.869313
625,2024-07-23 16:47:52.055562+00:00,-4.935329
626,2024-07-23 16:47:52.055582+00:00,-3.862206
627,2024-07-23 16:47:52.055602+00:00,-2.024471
628,2024-07-23 16:47:52.055622+00:00,0.3165043
629,2024-07-23 16:47:52.055642+00:00,0.3464126
630,2024-07-23 16:47:52.055662+00:00,2.89382
631,2024-07-23 16:47:52.055682+00:00,5.029338
632,2024-07-23 16:47:52.055702+00:00,6.597573
633,2024-07-23 16:47:52.055722+00:00,8.651168
634,2024-07-23 16:47:52.055742+00:00,6.798479
635,2024-07-23 16:47:52.055762+00:00,7.555939
636,2024-07-23 16:47:52.055782+00:00,4.259524
637,2024-07-23 16:47:52.055802+00:00,-3.410005
638,2024-07-23 16:47:52.055822+00:00,-2.765026
639,2024-07-23 16:47:52.055842+00:00,-9.214817
640,2024-07-23 16:47:52.055862+00:00,-5.863136
641,2024-07-23 16:47:52.055882+00:00,-4.560825
642,2024-07-23 16:47:52.055902+00:00,2.151314
643,2024-07-23 16:47:52.055922+00:00,3.783267
644,2024-07-23 16:47:52.055942+00:00,-0.9048598
645,2024-07-23 16:47:52.055962+00:00,0.8460763
646,2024-07-23 16:47:52.055982+00:00,-3.78711
647,2024-07-23 16:47:52.056002+00:00,1.608413
648,2024-07-23 16:47:52.056022+00:00,5.196434
649,2024-07-23 16:47:52.056042+00:00,1.393528
650,2024-07-23 16:47:52.056062+00:00,1.177668
651,2024-07-23 16:47:52.056082+00:00,0.6315168
652,2024-07-23 16:47:52.056102+00:00,1.836951
653,2024-07-23 16:47:52.056122+00:00,-1.153554
654,2024-07-23 16:47:52.056142+00:00,0.5573962
655,2024-07-23 16:47:52.056162+00:00,-0.7556433
656,2024-07-23 16:47:52.056182+00:00,-5.243514
657,2024-07-23 16:47:52.056202+00:00,2.208855
658,2024-07-23 16:47:52.056222+00:00,2.545648
659,2024-07-23 16:47:52.056242+00:00,3.929882
660,2024-07-23 16:47:52.056262+00:00,-0.9578495
661,2024-07-23 16:47:52.056282+00:00,-4.835851
662,2024-07-23 16:47:52.056302+00:00,0.09511786
663,2024-07-23 16:47:52.056322+00:00,0.4949789
664,2024-07-23 16:47:52.056342+00:00,5.023811
665,2024-07-23 16:47:52.056362+00:00,-0.9906836
666,2024-07-23 16:47:52.056382+00:00,-3.239008
667,2024-07-23 16:47:52.056402+00:00,-2.413604
668,2024-07-23 16:47:52.056422+00:00,-1.992937
669,2024-07-23 16:47:52.056442+00:00,2.995898
670,2024-07-23 16:47:52.056462+00:00,1.020325
671,2024-07-23 16:47:52.056482+00:00,2.808646
672,2024-07-23 16:47:52.056502+00:00,0.4985549
673,2024-07-23 16:47:52.056522+00:00,-0.3873161
674,2024-07-23 16:47:52.056542+00:00,1.077866
675,2024-07-23 16:47:52.056562+00:00,-0.2270466
676,2024-07-23 16:47:52.056582+00:00,1.701714
677,2024-07-23 16:47:52.056602+00:00,-1.148352
678,2024-07-23 16:47:52.056622+00:00,0.3061014
679,2024-07-23 16:47:52.056642+00:00,-0.3912172
680,2024-07-23 16:47:52.056662+00:00,-0.01313719
681,2024-07-23 16:47:52.056682+00:00,0.999844
682,2024-07-23 16:47:52.056702+00:00,-0.988733
683,2024-07-23 16:47:52.056722+00:00,0.8574545
684,2024-07-23 16:47:52.056742+00:00,-0.9279412
685,2024-07-23 16:47:52.056762+00:00,0.585679
686,2024-07-23 16:47:52.056782+00:00,0.1250262
687,2024-07-23 16:47:52.056802+00:00,-0.4107226
688,2024-07-23 16:47:52.056822+00:00,1.042106
689,2024-07-23 16:47:52.056842+00:00,-0.8323646
690,2024-07-23 16:47:52.056862+00:00,0.9819641
691,2024-07-23 16:47:52.056882+00:00,-0.9949098
692,2024-07-23 16:47:52.056902+00:00,0.4673462
693,2024-07-23 16:47:52.056922+00:00,0.03855216
694,2024-07-23 16:47:52.056942+00:00,-0.5375078
695,2024-07-23 16:47:52.056962+00:00,0.6032339
696,2024-07-23 16:47:52.056982+00:00,-1.546263
697,2024-07-23 16:47:52.057002+00:00,0.3054513
698,2024-07-23 16:47:52.057022+00:00,-1.611931
699,2024-07-23 16:47:52.057042+00:00,0.5476435
700,2024-07-23 16:47:52.057062+00:00,0.6747538
701,2024-07-23 16:47:52.057082+00:00,-0.7169576
702,2024-07-23 16:47:52.057102+00:00,0.9562819
703,2024-07-23 16:47:52.057122+00:00,-1.977332
704,2024-07-23 16:47:52.057142+00:00,1.287224
705,2024-07-23 16:47:52.057162+00:00,-0.6509643
706,2024-07-23 16:47:52.057182+00:00,0.01969692
707,2024-07-23 16:47:52.057202+00:00,-0.4058462
708,2024-07-23 16:47:52.057222+00:00,-2.178563
709,2024-07-23 16:47:52.057242+00:00,2.202353
710,2024-07-23 16:47:52.057262+00:00,0.9640841
711,2024-07-23 16:47:52.057282+00:00,5.243247
712,2024-07-23 16:47:52.057302+00:00,1.14841
713,2024-07-23 16:47:52.057322+00:00,-1.345032
714,2024-07-23 16:47:52.057342+00:00,-1.206869
715,2024-07-23 16:47:52.057362+00:00,-4.420386
716,2024-07-23 16:47:52.057382+00:00,3.046937
717,2024-07-23 16:47:52.057402+00:00,2.518991
718,2024-07-23 16:47:52.057422+00:00,5.52315
719,2024-07-23 16:47:52.057442+00:00,-0.6438123
720,2024-07-23 16:47:52.057462+00:00,-5.434342
721,2024-07-23 16:47:52.057482+00:00,-0.1356962
722,2024-07-23 16:47:52.057502+00:00,-2.134676
723,2024-07-23 16:47:52.057522+00:00,0.8047899
724,2024-07-23 16:47:52.057542+00:00,-0.9461462
725,2024-07-23 16:47:52.057562+00:00,-0.3193722
726,2024-07-23 16:47:52.057582+00:00,1.043406
727,2024-07-23 16:47:52.057602+00:00,-2.916518
728,2024-07-23 16:47:52.057622+00:00,-2.156782
729,2024-07-23 16:47:52.057642+00:00,-3.277368
730,2024-07-23 16:47:52.057662+00:00,4.094378
731,2024-07-23 16:47:52.057682+00:00,0.8759846
732,2024-07-23 16:47:52.057702+00:00,0.4910778
733,2024-07-23 16:47:52.057722+00:00,-4.689886
734,2024-07-23 16:47:52.057742+00:00,-5.046835
735,2024-07-23 16:47:52.057762+00:00,1.427013
736,2024-07-23 16:47:52.057782+00:00,0.5187105
737,2024-07-23 16:47:52.057802+00:00,5.836862
738,2024-07-23 16:47:52.057822+00:00,2.736151
739,2024-07-23 16:47:52.057842+00:00,5.416845
740,2024-07-23 16:47:52.057862+00:00,-0.6415367
741,2024-07-23 16:47:52.057882+00:00,-1.057652
742,2024-07-23 16:47:52.057902+00:00,-3.216577
743,2024-07-23 16:47:52.057922+00:00,-6.9925
744,2024-07-23 16:47:52.057942+00:00,-6.234714
745,2024-07-23 16:47:52.057962+00:00,-7.394311
746,2024-07-23 16:47:52.057982+00:00,-8.958321
747,2024-07-23 16:47:52.058002+00:00,-4.128455
748,2024-07-23 16:47:52.058022+00:00,-8.708976
749,2024-07-23 16:47:52.058042+00:00,1.512511
750,2024-07-23 16:47:52.058062+00:00,-1.875254
751,2024-07-23 16:47:52.058082+00:00,3.422742
752,2024-07-23 16:47:52.058102+00:00,2.325237
753,2024-07-23 16:47:52.058122+00:00,3.225737
754,2024-07-23 16:47:52.058142+00:00,7.28709
755,2024-07-23 16:47:52.058162+00:00,3.297907
756,2024-07-23 16:47:52.058182+00:00,4.380783
757,2024-07-23 16:47:52.058202+00:00,-2.605082
758,2024-07-23 16:47:52.058222+00:00,-3.043954
759,2024-07-23 16:47:52.058242+00:00,-3.039402
760,2024-07-23 16:47:52.058262+00:00,-3.249086
761,2024-07-23 16:47:52.058282+00:00,3.167546
762,2024-07-23 16:47:52.058302+00:00,0.9562819
763,2024-07-23 16:47:52.058322+00:00,4.054067
764,2024-07-23 16:47:52.058342+00:00,0.9068682
765,2024-07-23 16:47:52.058362+00:00,-2.751372
766,2024-07-23 16:47:52.058382+00:00,-1.798208
767,2024-07-23 16:47:52.058402+00:00,-4.382025
768,2024-07-23 16:47:52.058422+00:00,1.810944
769,2024-07-23 16:47:52.058442+00:00,2.524517
770,2024-07-23 16:47:52.058462+00:00,2.110677
771,2024-07-23 16:47:52.058482+00:00,-0.7377634
772,2024-07-23 16:47:52.058502+00:00,-4.095295
773,2024-07-23 16:47:52.058522+00:00,-1.452962
774,2024-07-23 16:47:52.058542+00:00,0.7638285
775,2024-07-23 16:47:52.058562+00:00,3.37918
776,2024-07-23 16:47:52.058582+00:00,-0.3161213
777,2024-07-23 16:47:52.058602+00:00,-2.283893
778,2024-07-23 16:47:52.058622+00:00,-1.64379
779,2024-07-23 16:47:52.058642+00:00,1.672456
780,2024-07-23 16:47:52.058662+00:00,4.942539
781,2024-07-23 16:47:52.058682+00:00,0.1510334
782,2024-07-23 16:47:52.058702+00:00,-1.001086
783,2024-07-23 16:47:52.058722+00:00,-3.248435
784,2024-07-23 16:47:52.058742+00:00,1.444567
785,2024-07-23 16:47:52.058762+00:00,2.673084
786,2024-07-23 16:47:52.058782+00:00,0.1416058
787,2024-07-23 16:47:52.058802+00:00,-1.652892
788,2024-07-23 16:47:52.058822+00:00,-2.154832
789,2024-07-23 16:47:52.058842+00:00,3.45135
790,2024-07-23 16:47:52.058862+00:00,2.292078
791,2024-07-23 16:47:52.058882+00:00,1.935129
792,2024-07-23 16:47:52.058902+00:00,-3.241283
793,2024-07-23 16:47:52.058922+00:00,-3.072562
794,2024-07-23 16:47:52.058942+00:00,6.851143
795,2024-07-23 16:47:52.058962+00:00,6.417473
796,2024-07-23 16:47:52.058982+00:00,6.270857
797,2024-07-23 16:47:52.059002+00:00,-2.43766
798,2024-07-23 16:47:52.059022+00:00,-1.977332
799,2024-07-23 16:47:52.059042+00:00,1.208877
800,2024-07-23 16:47:52.059062+00:00,-0.7380885
801,2024-07-23 16:47:52.059082+00:00,1.374023
802,2024-07-23 16:47:52.059102+00:00,-1.868752
803,2024-07-23 16:47:52.059122+00:00,1.913348
804,2024-07-23 16:47:52.059142+00:00,0.8200691
805,2024-07-23 16:47:52.059162+00:00,1.393203
806,2024-07-23 16:47:52.059182+00:00,-1.263759
807,2024-07-23 16:47:52.059202+00:00,-4.253289
808,2024-07-23 16:47:52.059222+00:00,4.007904
809,2024-07-23 16:47:52.059242+00:00,-0.9519978
810,2024-07-23 16:47:52.059262+00:00,-0.7738484
811,2024-07-23 16:47:52.059282+00:00,-0.0895334
812,2024-07-23 16:47:52.059302+00:00,-1.473768
813,2024-07-23 16:47:52.059322+00:00,-0.3479802
814,2024-07-23 16:47:52.059342+00:00,-1.661995
815,2024-07-23 16:47:52.059362+00:00,3.306034
816,2024-07-23 16:47:52.059382+00:00,1.713417
817,2024-07-23 16:47:52.059402+00:00,-2.873931
818,2024-07-23 16:47:52.059422+00:00,-2.125574
819,2024-07-23 16:47:52.059442+00:00,-1.205568
820,2024-07-23 16:47:52.059462+00:00,3.339519
821,2024-07-23 16:47:52.059482+00:00,-1.268311
822,2024-07-23 16:47:52.059502+00:00,-0.5781441
823,2024-07-23 16:47:52.059522+00:00,-1.343407
824,2024-07-23 16:47:52.059542+00:00,0.722217
825,2024-07-23 16:47:52.059562+00:00,2.613592
826,2024-07-23 16:47:52.059582+00:00,-0.9598
827,2024-07-23 16:47:52.059602+00:00,3.129185
828,2024-07-23 16:47:52.059622+00:00,2.945184
829,2024-07-23 16:47:52.059642+00:00,6.337176
830,2024-07-23 16:47:52.059662+00:00,2.535245
831,2024-07-23 16:47:52.059682+00:00,2.383103
832,2024-07-23 16:47:52.059702+00:00,-0.4406309
833,2024-07-23 16:47:52.059722+00:00,-0.5696917
834,2024-07-23 16:47:52.059742+00:00,-2.759175
835,2024-07-23 16:47:52.059762+00:00,1.222531
836,2024-07-23 16:47:52.059782+00:00,-3.911294
837,2024-07-23 16:47:52.059802+00:00,-3.684381
838,2024-07-23 16:47:52.059822+00:00,-5.075443
839,2024-07-23 16:47:52.059842+00:00,1.264142
840,2024-07-23 16:47:52.059862+00:00,1.452695
841,2024-07-23 16:47:52.059882+00:00,1.719594
842,2024-07-23 16:47:52.059902+00:00,-2.300472
843,2024-07-23 16:47:52.059922+00:00,-0.3827648
844,2024-07-23 16:47:52.059942+00:00,-0.1870605
845,2024-07-23 16:47:52.059962+00:00,2.098324
846,2024-07-23 16:47:52.059982+00:00,-0.9126619
847,2024-07-23 16:47:52.060002+00:00,-0.5521368
848,2024-07-23 16:47:52.060022+00:00,-2.09469
849,2024-07-23 16:47:52.060042+00:00,1.505684
850,2024-07-23 16:47:52.060062+00:00,0.02814927
851,2024-07-23 16:47:52.060082+00:00,-1.024168
852,2024-07-23 16:47:52.060102+00:00,-1.292367
853,2024-07-23 16:47:52.060122+00:00,-1.648341
854,2024-07-23 16:47:52.060142+00:00,1.502108
855,2024-07-23 16:47:52.060162+00:00,0.1591606
856,2024-07-23 16:47:52.060182+00:00,-0.1825092
857,2024-07-23 16:47:52.060202+00:00,-0.06742727
858,2024-07-23 16:47:52.060222+00:00,-0.8707253
859,2024-07-23 16:47:52.060242+00:00,1.042431
860,2024-07-23 16:47:52.060262+00:00,-0.6610421
861,2024-07-23 16:47:52.060282+00:00,1.855482
862,2024-07-23 16:47:52.060302+00:00,-2.643768
863,2024-07-23 16:47:52.060322+00:00,0.3356846
864,2024-07-23 16:47:52.060342+00:00,-0.2771105
865,2024-07-23 16:47:52.060362+00:00,0.6633756
866,2024-07-23 16:47:52.060382+00:00,0.3633173
867,2024-07-23 16:47:52.060402+00:00,-2.660347
868,2024-07-23 16:47:52.060422+00:00,2.26282
869,2024-07-23 16:47:52.060442+00:00,-1.26506
870,2024-07-23 16:47:52.060462+00:00,2.1913
871,2024-07-23 16:47:52.060482+00:00,-1.01214
872,2024-07-23 16:47:52.060502+00:00,-1.187688
873,2024-07-23 16:47:52.060522+00:00,-0.5368576
874,2024-07-23 16:47:52.060542+00:00,-1.694829
875,2024-07-23 16:47:52.060562+00:00,3.342769
876,2024-07-23 16:47:52.060582+00:00,-0.0531233
877,2024-07-23 16:47:52.060602+00:00,1.737149
878,2024-07-23 16:47:52.060622+00:00,0.7163653
879,2024-07-23 16:47:52.060642+00:00,-0.1002614
880,2024-07-23 16:47:52.060662+00:00,0.8451011
881,2024-07-23 16:47:52.060682+00:00,-0.8869798
882,2024-07-23 16:47:52.060702+00:00,0.4783993
883,2024-07-23 16:47:52.060722+00:00,-1.032945
884,2024-07-23 16:47:52.060742+00:00,0.549594
885,2024-07-23 16:47:52.060762+00:00,0.3200803
886,2024-07-23 16:47:52.060782+00:00,1.40133
887,2024-07-23 16:47:52.060802+00:00,-0.3642347
888,2024-07-23 16:47:52.060822+00:00,1.773884
889,2024-07-23 16:47:52.060842+00:00,1.781686
890,2024-07-23 16:47:52.060862+00:00,-0.9162379
891,2024-07-23 16:47:52.060882+00:00,2.047935
892,2024-07-23 16:47:52.060902+00:00,-2.069008
893,2024-07-23 16:47:52.060922+00:00,-0.4718395
894,2024-07-23 16:47:52.060942+00:00,0.9699357
895,2024-07-23 16:47:52.060962+00:00,-0.4305531
896,2024-07-23 16:47:52.060982+00:00,7.563091
897,2024-07-23 16:47:52.061002+00:00,7.267259
898,2024-07-23 16:47:52.061022+00:00,5.111911
899,2024-07-23 16:47:52.061042+00:00,3.114231
900,2024-07-23 16:47:52.061062+00:00,1.858732
901,2024-07-23 16:47:52.061082+00:00,1.132806
902,2024-07-23 16:47:52.061102+00:00,0.628591
903,2024-07-23 16:47:52.061122+00:00,0.4039536
904,2024-07-23 16:47:52.061142+00:00,0.2820448
905,2024-07-23 16:47:52.061162+00:00,0.1523337
906,2024-07-23 16:47:52.061182+00:00,0.1572101
907,2024-07-23 16:47:52.061202+00:00,0.110072
908,2024-07-23 16:47:52.061222+00:00,0.08113898
909,2024-07-23 16:47:52.061242+00:00,0.09511786
910,2024-07-23 16:47:52.061262+00:00,0.02847436
911,2024-07-23 16:47:52.061282+00:00,0.08178916
912,2024-07-23 16:47:52.061302+00:00,0.05123068
913,2024-07-23 16:47:52.061322+00:00,0.02002201
914,2024-07-23 16:47:52.061342+00:00,0.0336758
915,2024-07-23 16:47:52.061362+00:00,0.03497616
916,2024-07-23 16:47:52.061382+00:00,-0.000133584
917,2024-07-23 16:47:52.061402+00:00,0.06195865
918,2024-07-23 16:47:52.061422+00:00,0.01612093
919,2024-07-23 16:47:52.061442+00:00,0.02002201
920,2024-07-23 16:47:52.061462+00:00,0.02977472
921,2024-07-23 16:47:52.061482+00:00,-0.02126445
922,2024-07-23 16:47:52.061502+00:00,0.02782418
923,2024-07-23 16:47:52.061522+00:00,0.02327291
924,2024-07-23 16:47:52.061542+00:00,0.01352021
925,2024-07-23 16:47:52.061562+00:00,0.06163356
926,2024-07-23 16:47:52.061582+00:00,-0.01313719
927,2024-07-23 16:47:52.061602+00:00,0.04993031
928,2024-07-23 16:47:52.061622+00:00,0.01514566
929,2024-07-23 16:47:52.061642+00:00,-0.01476265
930,2024-07-23 16:47:52.061662+00:00,0.04830486
931,2024-07-23 16:47:52.061682+00:00,-0.02061427
932,2024-07-23 16:47:52.061702+00:00,0.02164746
933,2024-07-23 16:47:52.061722+00:00,0.02944963
934,2024-07-23 16:47:52.061742+00:00,-0.02354008
935,2024-07-23 16:47:52.061762+00:00,0.0437536
936,2024-07-23 16:47:52.061782+00:00,-0.02126445
937,2024-07-23 16:47:52.061802+00:00,0.003442409
938,2024-07-23 16:47:52.061822+00:00,0.02587364
939,2024-07-23 16:47:52.061842+00:00,-0.03004189
940,2024-07-23 16:47:52.061862+00:00,0.05188086
941,2024-07-23 16:47:52.061882+00:00,-0.01313719
942,2024-07-23 16:47:52.061902+00:00,-0.01021138
943,2024-07-23 16:47:52.061922+00:00,0.04082779
944,2024-07-23 16:47:52.061942+00:00,-0.02256481
945,2024-07-23 16:47:52.061962+00:00,0.02944963
946,2024-07-23 16:47:52.061982+00:00,-0.01898882
947,2024-07-23 16:47:52.062002+00:00,-0.00761066
948,2024-07-23 16:47:52.062022+00:00,0.02814927
949,2024-07-23 16:47:52.062042+00:00,-0.03914441
950,2024-07-23 16:47:52.062062+00:00,0.0369267
951,2024-07-23 16:47:52.062082+00:00,-0.0163881
952,2024-07-23 16:47:52.062102+00:00,-0.006635389
953,2024-07-23 16:47:52.062122+00:00,0.02099728
954,2024-07-23 16:47:52.062142+00:00,-0.03101716
955,2024-07-23 16:47:52.062162+00:00,0.03530125
956,2024-07-23 16:47:52.062182+00:00,-0.02484044
957,2024-07-23 16:47:52.062202+00:00,0.01091948
958,2024-07-23 16:47:52.062222+00:00,0.007018401
959,2024-07-23 16:47:52.062242+00:00,-0.03751896
960,2024-07-23 16:47:52.062262+00:00,0.01644602
961,2024-07-23 16:47:52.062282+00:00,-0.04272041
962,2024-07-23 16:47:52.062302+00:00,0.02424818
963,2024-07-23 16:47:52.062322+00:00,-0.008585931
964,2024-07-23 16:47:52.062342+00:00,-0.02028918
965,2024-07-23 16:47:52.062362+00:00,0.02457327
966,2024-07-23 16:47:52.062382+00:00,-0.03036698
967,2024-07-23 16:47:52.062402+00:00,0.02327291
968,2024-07-23 16:47:52.062422+00:00,-0.03329279
969,2024-07-23 16:47:52.062442+00:00,-0.002734306
970,2024-07-23 16:47:52.062462+00:00,-0.001759036
971,2024-07-23 16:47:52.062482+00:00,-0.01313719
972,2024-07-23 16:47:52.062502+00:00,0.01937183
973,2024-07-23 16:47:52.062522+00:00,-0.0329677
974,2024-07-23 16:47:52.062542+00:00,0.009944214
975,2024-07-23 16:47:52.062562+00:00,-0.01996409
976,2024-07-23 16:47:52.062582+00:00,0.01449548
977,2024-07-23 16:47:52.062602+00:00,-0.003384487
978,2024-07-23 16:47:52.062622+00:00,-0.03979459
979,2024-07-23 16:47:52.062642+00:00,0.01352021
980,2024-07-23 16:47:52.062662+00:00,-0.03231752
981,2024-07-23 16:47:52.062682+00:00,0.007343492
982,2024-07-23 16:47:52.062702+00:00,-0.01346228
983,2024-07-23 16:47:52.062722+00:00,-0.003059397
984,2024-07-23 16:47:52.062742+00:00,0.00474277
985,2024-07-23 16:47:52.062762+00:00,-0.02158954
986,2024-07-23 16:47:52.062782+00:00,0.03335071
987,2024-07-23 16:47:52.062802+00:00,-0.04369568
988,2024-07-23 16:47:52.062822+00:00,-0.01573792
989,2024-07-23 16:47:52.062842+00:00,-0.04499604
990,2024-07-23 16:47:52.062862+00:00,-0.0329677
991,2024-07-23 16:47:52.062882+00:00,0.01221985
992,2024-07-23 16:47:52.062902+00:00,-0.0729538
993,2024-07-23 16:47:52.062922+00:00,0.0203471
994,2024-07-23 16:47:52.062942+00:00,-0.09505994
995,2024-07-23 16:47:52.062962+00:00,0.007668582
996,2024-07-23 16:47:52.062982+00:00,-0.1083886
997,2024-07-23 16:47:52.063002+00:00,-0.05052257
998,2024-07-23 16:47:52.063022+00:00,-0.04857203
999,2024-07-23 16:47:52.063042+00:00,-0.1308199
1000,2024-07-23 16:47:52.063062+00:00,-0.03849423
1001,2024-07-23 16:47:52.063082+00:00,-0.4201502
1002,2024-07-23 16:47:52.063102+00:00,-0.07165344
1003,2024-07-23 16:47:52.063122+00:00,-0.808308
1004,2024-07-23 16:47:52.063142+00:00,-3.118399
1005,2024-07-23 16:47:52.063162+00:00,-7.49704
1006,2024-07-23 16:47:52.063182+00:00,-10.64716
1007,2024-07-23 16:47:52.063202+00:00,-5.831928
1008,2024-07-23 16:47:52.063222+00:00,-10.64716
1009,2024-07-23 16:47:52.063242+00:00,-1.188989
1010,2024-07-23 16:47:52.063262+00:00,-10.64716
1011,2024-07-23 16:47:52.063282+00:00,-9.257729
1012,2024-07-23 16:47:52.063302+00:00,-4.987018
1013,2024-07-23 16:47:52.063322+00:00,-3.293623
1014,2024-07-23 16:47:52.063342+00:00,2.84083
1015,2024-07-23 16:47:52.063362+00:00,-9.718382
1016,2024-07-23 16:47:52.063382+00:00,-0.07132835
1017,2024-07-23 16:47:52.063402+00:00,-10.64716
1018,2024-07-23 16:47:52.063422+00:00,-5.513664
1019,2024-07-23 16:47:52.063442+00:00,-3.820594
1020,2024-07-23 16:47:52.063462+00:00,-6.071844
1021,2024-07-23 16:47:52.063482+00:00,-4.512711
1022,2024-07-23 16:47:52.063502+00:00,-10.27624
1023,2024-07-23 16:47:52.063522+00:00,-1.636313
1024,2024-07-23 16:47:52.063542+00:00,-9.115339
1025,2024-07-23 16:47:52.063562+00:00,-5.756832
1026,2024-07-23 16:47:52.063582+00:00,-5.78609
1027,2024-07-23 16:47:52.063602+00:00,-7.320516
1028,2024-07-23 16:47:52.063622+00:00,-3.001692
1029,2024-07-23 16:47:52.063642+00:00,-3.009494
1030,2024-07-23 16:47:52.063662+00:00,3.219885
1031,2024-07-23 16:47:52.063682+00:00,-5.606965
1032,2024-07-23 16:47:52.063702+00:00,-4.0228
1033,2024-07-23 16:47:52.063722+00:00,1.041456
1034,2024-07-23 16:47:52.063742+00:00,-3.633342
1035,2024-07-23 16:47:52.063762+00:00,-0.6395861
1036,2024-07-23 16:47:52.063782+00:00,0.1575352
1037,2024-07-23 16:47:52.063802+00:00,0.6945843
1038,2024-07-23 16:47:52.063822+00:00,-3.195446
1039,2024-07-23 16:47:52.063842+00:00,-0.04337059
1040,2024-07-23 16:47:52.063862+00:00,0.6240397
1041,2024-07-23 16:47:52.063882+00:00,-1.902562
1042,2024-07-23 16:47:52.063902+00:00,-2.587527
1043,2024-07-23 16:47:52.063922+00:00,1.18417
1044,2024-07-23 16:47:52.063942+00:00,4.581363
1045,2024-07-23 16:47:52.063962+00:00,1.870111
1046,2024-07-23 16:47:52.063982+00:00,4.160046
1047,2024-07-23 16:47:52.064002+00:00,3.424367
1048,2024-07-23 16:47:52.064022+00:00,3.081072
1049,2024-07-23 16:47:52.064042+00:00,0.5057068
1050,2024-07-23 16:47:52.064062+00:00,2.514765
1051,2024-07-23 16:47:52.064082+00:00,7.52148
1052,2024-07-23 16:47:52.064102+00:00,0.4328866
1053,2024-07-23 16:47:52.064122+00:00,0.7459485
1054,2024-07-23 16:47:52.064142+00:00,-2.474721
1055,2024-07-23 16:47:52.064162+00:00,1.250164
1056,2024-07-23 16:47:52.064182+00:00,-1.872003
1057,2024-07-23 16:47:52.064202+00:00,-3.58848
1058,2024-07-23 16:47:52.064222+00:00,1.961136
1059,2024-07-23 16:47:52.064242+00:00,-1.501075
1060,2024-07-23 16:47:52.064262+00:00,2.993297
1061,2024-07-23 16:47:52.064282+00:00,-3.858305
1062,2024-07-23 16:47:52.064302+00:00,0.4380881
1063,2024-07-23 16:47:52.064322+00:00,1.530391
1064,2024-07-23 16:47:52.064342+00:00,-2.695782
1065,2024-07-23 16:47:52.064362+00:00,1.236835
1066,2024-07-23 16:47:52.064382+00:00,-2.837196
1067,2024-07-23 16:47:52.064402+00:00,2.758907
1068,2024-07-23 16:47:52.064422+00:00,-2.092414
1069,2024-07-23 16:47:52.064442+00:00,-0.2634567
1070,2024-07-23 16:47:52.064462+00:00,2.161717
1071,2024-07-23 16:47:52.064482+00:00,-1.441909
1072,2024-07-23 16:47:52.064502+00:00,-0.7523924
1073,2024-07-23 16:47:52.064522+00:00,-5.643375
1074,2024-07-23 16:47:52.064542+00:00,1.157513
1075,2024-07-23 16:47:52.064562+00:00,2.585309
1076,2024-07-23 16:47:52.064582+00:00,0.0369267
1077,2024-07-23 16:47:52.064602+00:00,-2.642142
1078,2024-07-23 16:47:52.064622+00:00,-2.820617
1079,2024-07-23 16:47:52.064642+00:00,3.784892
1080,2024-07-23 16:47:52.064662+00:00,1.559975
1081,2024-07-23 16:47:52.064682+00:00,-1.764398
1082,2024-07-23 16:47:52.064702+00:00,-4.098546
1083,2024-07-23 16:47:52.064722+00:00,-1.218897
1084,2024-07-23 16:47:52.064742+00:00,3.813175
1085,2024-07-23 16:47:52.064762+00:00,2.387654
1086,2024-07-23 16:47:52.064782+00:00,-0.8453682
1087,2024-07-23 16:47:52.064802+00:00,-3.587505
1088,2024-07-23 16:47:52.064822+00:00,-0.4438818
1089,2024-07-23 16:47:52.064842+00:00,2.305406
1090,2024-07-23 16:47:52.064862+00:00,2.050536
1091,2024-07-23 16:47:52.064882+00:00,-1.442234
1092,2024-07-23 16:47:52.064902+00:00,-1.714334
1093,2024-07-23 16:47:52.064922+00:00,0.1103971
1094,2024-07-23 16:47:52.064942+00:00,2.586935
1095,2024-07-23 16:47:52.064962+00:00,1.423112
1096,2024-07-23 16:47:52.064982+00:00,-2.555668
1097,2024-07-23 16:47:52.065002+00:00,-2.281942
1098,2024-07-23 16:47:52.065022+00:00,-2.047877
1099,2024-07-23 16:47:52.065042+00:00,4.065445
1100,2024-07-23 16:47:52.065062+00:00,3.871691
1101,2024-07-23 16:47:52.065082+00:00,0.2752179
1102,2024-07-23 16:47:52.065102+00:00,-2.640517
1103,2024-07-23 16:47:52.065122+00:00,-5.946034
1104,2024-07-23 16:47:52.065142+00:00,1.560625
1105,2024-07-23 16:47:52.065162+00:00,2.945509
1106,2024-07-23 16:47:52.065182+00:00,3.440947
1107,2024-07-23 16:47:52.065202+00:00,1.437416
1108,2024-07-23 16:47:52.065222+00:00,-4.154462
1109,2024-07-23 16:47:52.065242+00:00,-1.03132
1110,2024-07-23 16:47:52.065262+00:00,-3.107996
1111,2024-07-23 16:47:52.065282+00:00,1.600286
1112,2024-07-23 16:47:52.065302+00:00,1.565826
1113,2024-07-23 16:47:52.065322+00:00,0.6591494
1114,2024-07-23 16:47:52.065342+00:00,3.340494
1115,2024-07-23 16:47:52.065362+00:00,-1.544962
1116,2024-07-23 16:47:52.065382+00:00,-0.3837401
1117,2024-07-23 16:47:52.065402+00:00,-5.175245
1118,2024-07-23 16:47:52.065422+00:00,-2.77868
1119,2024-07-23 16:47:52.065442+00:00,1.618816
1120,2024-07-23 16:47:52.065462+00:00,1.821997
1121,2024-07-23 16:47:52.065482+00:00,6.367409
1122,2024-07-23 16:47:52.065502+00:00,1.967313
1123,2024-07-23 16:47:52.065522+00:00,1.872711
1124,2024-07-23 16:47:52.065542+00:00,1.505359
1125,2024-07-23 16:47:52.065562+00:00,-2.501053
1126,2024-07-23 16:47:52.065582+00:00,-2.240981
1127,2024-07-23 16:47:52.065602+00:00,-8.092605
1128,2024-07-23 16:47:52.065622+00:00,-6.008127
1129,2024-07-23 16:47:52.065642+00:00,-5.904423
1130,2024-07-23 16:47:52.065662+00:00,-3.94803
1131,2024-07-23 16:47:52.065682+00:00,-1.025143
1132,2024-07-23 16:47:52.065702+00:00,-3.171389
1133,2024-07-23 16:47:52.065722+00:00,-0.7966047
1134,2024-07-23 16:47:52.065742+00:00,-2.412628
1135,2024-07-23 16:47:52.065762+00:00,0.4010278
1136,2024-07-23 16:47:52.065782+00:00,-0.3642347
1137,2024-07-23 16:47:52.065802+00:00,-7.762314
1138,2024-07-23 16:47:52.065822+00:00,-4.800741
1139,2024-07-23 16:47:52.065842+00:00,-7.600744
1140,2024-07-23 16:47:52.065862+00:00,-3.236082
1141,2024-07-23 16:47:52.065882+00:00,2.48128
1142,2024-07-23 16:47:52.065902+00:00,3.629499
1143,2024-07-23 16:47:52.065922+00:00,3.988399
1144,2024-07-23 16:47:52.065942+00:00,-4.230208
1145,2024-07-23 16:47:52.065962+00:00,-4.388202
1146,2024-07-23 16:47:52.065982+00:00,0.1936202
1147,2024-07-23 16:47:52.066002+00:00,2.744603
1148,2024-07-23 16:47:52.066022+00:00,-2.90514
1149,2024-07-23 16:47:52.066042+00:00,-4.729547
1150,2024-07-23 16:47:52.066062+00:00,-3.173014
1151,2024-07-23 16:47:52.066082+00:00,-1.759197
1152,2024-07-23 16:47:52.066102+00:00,-0.9292415
1153,2024-07-23 16:47:52.066122+00:00,2.665932
1154,2024-07-23 16:47:52.066142+00:00,-1.391195
1155,2024-07-23 16:47:52.066162+00:00,-1.098288
1156,2024-07-23 16:47:52.066182+00:00,3.488735
1157,2024-07-23 16:47:52.066202+00:00,2.790766
1158,2024-07-23 16:47:52.066222+00:00,-0.0462964
1159,2024-07-23 16:47:52.066242+00:00,-4.883964
1160,2024-07-23 16:47:52.066262+00:00,-2.116796
1161,2024-07-23 16:47:52.066282+00:00,3.453625
1162,2024-07-23 16:47:52.066302+00:00,1.390277
1163,2024-07-23 16:47:52.066322+00:00,1.138332
1164,2024-07-23 16:47:52.066342+00:00,-3.663251
1165,2024-07-23 16:47:52.066362+00:00,-2.856702
1166,2024-07-23 16:47:52.066382+00:00,0.2726171
1167,2024-07-23 16:47:52.066402+00:00,0.2277547
1168,2024-07-23 16:47:52.066422+00:00,4.036837
1169,2024-07-23 16:47:52.066442+00:00,1.301528
1170,2024-07-23 16:47:52.066462+00:00,1.66888
1171,2024-07-23 16:47:52.066482+00:00,-0.9737789
1172,2024-07-23 16:47:52.066502+00:00,-2.854751
1173,2024-07-23 16:47:52.066522+00:00,-0.1252933
1174,2024-07-23 16:47:52.066542+00:00,-1.583323
1175,2024-07-23 16:47:52.066562+00:00,1.77811
1176,2024-07-23 16:47:52.066582+00:00,-0.9910087
1177,2024-07-23 16:47:52.066602+00:00,-0.603176
1178,2024-07-23 16:47:52.066622+00:00,-0.3622841
1179,2024-07-23 16:47:52.066642+00:00,-1.631111
1180,2024-07-23 16:47:52.066662+00:00,1.254715
1181,2024-07-23 16:47:52.066682+00:00,-1.217597
1182,2024-07-23 16:47:52.066702+00:00,0.8503025
1183,2024-07-23 16:47:52.066722+00:00,-1.200367
1184,2024-07-23 16:47:52.066742+00:00,-0.3089693
1185,2024-07-23 16:47:52.066762+00:00,0.6669516
1186,2024-07-23 16:47:52.066782+00:00,-1.08626
1187,2024-07-23 16:47:52.066802+00:00,1.405557
1188,2024-07-23 16:47:52.066822+00:00,-0.988733
1189,2024-07-23 16:47:52.066842+00:00,0.657524
1190,2024-07-23 16:47:52.066862+00:00,-0.5001224
1191,2024-07-23 16:47:52.066882+00:00,-0.8232621
1192,2024-07-23 16:47:52.066902+00:00,1.126304
1193,2024-07-23 16:47:52.066922+00:00,-1.224749
1194,2024-07-23 16:47:52.066942+00:00,1.579805
1195,2024-07-23 16:47:52.066962+00:00,-0.613904
1196,2024-07-23 16:47:52.066982+00:00,0.1490828
1197,2024-07-23 16:47:52.067002+00:00,0.4705971
1198,2024-07-23 16:47:52.067022+00:00,-1.10414
1199,2024-07-23 16:47:52.067042+00:00,1.896443
1200,2024-07-23 16:47:52.067062+00:00,-1.764723
1201,2024-07-23 16:47:52.067082+00:00,0.6643509
1202,2024-07-23 16:47:52.067102+00:00,-0.8651987
1203,2024-07-23 16:47:52.067122+00:00,-0.3778885
1204,2024-07-23 16:47:52.067142+00:00,1.555748
1205,2024-07-23 16:47:52.067162+00:00,-0.866174
1206,2024-07-23 16:47:52.067182+00:00,2.450072
1207,2024-07-23 16:47:52.067202+00:00,-1.717585
1208,2024-07-23 16:47:52.067222+00:00,1.726421
1209,2024-07-23 16:47:52.067242+00:00,1.436765
1210,2024-07-23 16:47:52.067262+00:00,0.1838675
1211,2024-07-23 16:47:52.067282+00:00,-0.02386517
1212,2024-07-23 16:47:52.067302+00:00,-4.964587
1213,2024-07-23 16:47:52.067322+00:00,-0.8547959
1214,2024-07-23 16:47:52.067342+00:00,-2.23968
1215,2024-07-23 16:47:52.067362+00:00,2.619769
1216,2024-07-23 16:47:52.067382+00:00,2.412686
1217,2024-07-23 16:47:52.067402+00:00,-0.8346403
1218,2024-07-23 16:47:52.067422+00:00,-1.636638
1219,2024-07-23 16:47:52.067442+00:00,-5.104701
1220,2024-07-23 16:47:52.067462+00:00,2.438043
1221,2024-07-23 16:47:52.067482+00:00,0.1757402
1222,2024-07-23 16:47:52.067502+00:00,-0.4494083
1223,2024-07-23 16:47:52.067522+00:00,-1.532284
1224,2024-07-23 16:47:52.067542+00:00,-5.213931
1225,2024-07-23 16:47:52.067562+00:00,3.117482
1226,2024-07-23 16:47:52.067582+00:00,-1.26766
1227,2024-07-23 16:47:52.067602+00:00,1.233259
1228,2024-07-23 16:47:52.067622+00:00,3.636001
1229,2024-07-23 16:47:52.067642+00:00,2.736476
1230,2024-07-23 16:47:52.067662+00:00,-1.766674
1231,2024-07-23 16:47:52.067682+00:00,-6.213584
1232,2024-07-23 16:47:52.067702+00:00,-0.4061713
1233,2024-07-23 16:47:52.067722+00:00,3.470855
1234,2024-07-23 16:47:52.067742+00:00,3.967268
1235,2024-07-23 16:47:52.067762+00:00,1.414984
1236,2024-07-23 16:47:52.067782+00:00,-0.08920831
1237,2024-07-23 16:47:52.067802+00:00,-3.743548
1238,2024-07-23 16:47:52.067822+00:00,-4.331636
1239,2024-07-23 16:47:52.067842+00:00,-4.34594
1240,2024-07-23 16:47:52.067862+00:00,-4.50816
1241,2024-07-23 16:47:52.067882+00:00,-1.471817
1242,2024-07-23 16:47:52.067902+00:00,1.912697
1243,2024-07-23 16:47:52.067922+00:00,2.410736
1244,2024-07-23 16:47:52.067942+00:00,3.068393
1245,2024-07-23 16:47:52.067962+00:00,-1.307972
1246,2024-07-23 16:47:52.067982+00:00,-1.882406
1247,2024-07-23 16:47:52.068002+00:00,-4.439891
1248,2024-07-23 16:47:52.068022+00:00,-1.181837
1249,2024-07-23 16:47:52.068042+00:00,-4.728571
1250,2024-07-23 16:47:52.068062+00:00,-3.40838
1251,2024-07-23 16:47:52.068082+00:00,-5.212631
1252,2024-07-23 16:47:52.068102+00:00,-3.80564
1253,2024-07-23 16:47:52.068122+00:00,0.7387966
1254,2024-07-23 16:47:52.068142+00:00,-0.2621563
1255,2024-07-23 16:47:52.068162+00:00,3.521569
1256,2024-07-23 16:47:52.068182+00:00,3.048563
1257,2024-07-23 16:47:52.068202+00:00,3.714023
1258,2024-07-23 16:47:52.068222+00:00,2.742328
1259,2024-07-23 16:47:52.068242+00:00,-2.32908
1260,2024-07-23 16:47:52.068262+00:00,-3.460069
1261,2024-07-23 16:47:52.068282+00:00,-6.965192
1262,2024-07-23 16:47:52.068302+00:00,-1.538136
1263,2024-07-23 16:47:52.068322+00:00,2.331739
1264,2024-07-23 16:47:52.068342+00:00,2.635373
1265,2024-07-23 16:47:52.068362+00:00,4.288457
1266,2024-07-23 16:47:52.068382+00:00,-2.976335
1267,2024-07-23 16:47:52.068402+00:00,-0.8886052
1268,2024-07-23 16:47:52.068422+00:00,-3.375221
1269,2024-07-23 16:47:52.068442+00:00,-1.395096
1270,2024-07-23 16:47:52.068462+00:00,2.409435
1271,2024-07-23 16:47:52.068482+00:00,-1.168833
1272,2024-07-23 16:47:52.068502+00:00,3.357399
1273,2024-07-23 16:47:52.068522+00:00,-2.045276
1274,2024-07-23 16:47:52.068542+00:00,0.6588244
1275,2024-07-23 16:47:52.068562+00:00,-0.484193
1276,2024-07-23 16:47:52.068582+00:00,-2.806313
1277,2024-07-23 16:47:52.068602+00:00,1.809319
1278,2024-07-23 16:47:52.068622+00:00,-4.291
1279,2024-07-23 16:47:52.068642+00:00,0.8473767
1280,2024-07-23 16:47:52.068662+00:00,-0.2234706
1281,2024-07-23 16:47:52.068682+00:00,1.803467
1282,2024-07-23 16:47:52.068702+00:00,3.7228
1283,2024-07-23 16:47:52.068722+00:00,-2.612884
1284,2024-07-23 16:47:52.068742+00:00,0.2336063
1285,2024-07-23 16:47:52.068762+00:00,-3.059233
1286,2024-07-23 16:47:52.068782+00:00,2.005673
1287,2024-07-23 16:47:52.068802+00:00,1.48813
1288,2024-07-23 16:47:52.068822+00:00,-0.7289859
1289,2024-07-23 16:47:52.068842+00:00,2.491683
1290,2024-07-23 16:47:52.068862+00:00,0.4319114
1291,2024-07-23 16:47:52.068882+00:00,4.44385
1292,2024-07-23 16:47:52.068902+00:00,-3.692509
1293,2024-07-23 16:47:52.068922+00:00,-3.515985
1294,2024-07-23 16:47:52.068942+00:00,-2.418155
1295,2024-07-23 16:47:52.068962+00:00,-0.1942125
1296,2024-07-23 16:47:52.068982+00:00,3.749132
1297,2024-07-23 16:47:52.069002+00:00,-0.2390749
1298,2024-07-23 16:47:52.069022+00:00,0.07431208
1299,2024-07-23 16:47:52.069042+00:00,-1.161031
1300,2024-07-23 16:47:52.069062+00:00,-1.138925
1301,2024-07-23 16:47:52.069082+00:00,-3.105071
1302,2024-07-23 16:47:52.069102+00:00,-2.668149
1303,2024-07-23 16:47:52.069122+00:00,0.5843787
1304,2024-07-23 16:47:52.069142+00:00,2.502086
1305,2024-07-23 16:47:52.069162+00:00,5.566712
1306,2024-07-23 16:47:52.069182+00:00,0.2625393
1307,2024-07-23 16:47:52.069202+00:00,-1.852173
1308,2024-07-23 16:47:52.069222+00:00,0.07008591
1309,2024-07-23 16:47:52.069242+00:00,-0.7351626
1310,2024-07-23 16:47:52.069262+00:00,0.4598691
1311,2024-07-23 16:47:52.069282+00:00,-1.637938
1312,2024-07-23 16:47:52.069302+00:00,2.733225
1313,2024-07-23 16:47:52.069322+00:00,5.494867
1314,2024-07-23 16:47:52.069342+00:00,0.2329561
1315,2024-07-23 16:47:52.069362+00:00,-3.550119
1316,2024-07-23 16:47:52.069382+00:00,-2.153206
1317,2024-07-23 16:47:52.069402+00:00,0.6510222
1318,2024-07-23 16:47:52.069422+00:00,-1.502051
1319,2024-07-23 16:47:52.069442+00:00,-1.201992
1320,2024-07-23 16:47:52.069462+00:00,0.5879547
1321,2024-07-23 16:47:52.069482+00:00,2.130833
1322,2024-07-23 16:47:52.069502+00:00,2.969241
1323,2024-07-23 16:47:52.069522+00:00,0.9338507
1324,2024-07-23 16:47:52.069542+00:00,0.4364626
1325,2024-07-23 16:47:52.069562+00:00,-0.3086442
1326,2024-07-23 16:47:52.069582+00:00,0.02197255
1327,2024-07-23 16:47:52.069602+00:00,0.5560958
1328,2024-07-23 16:47:52.069622+00:00,0.3681937
1329,2024-07-23 16:47:52.069642+00:00,0.3291828
1330,2024-07-23 16:47:52.069662+00:00,-3.622614
1331,2024-07-23 16:47:52.069682+00:00,-1.39087
1332,2024-07-23 16:47:52.069702+00:00,-2.106393
1333,2024-07-23 16:47:52.069722+00:00,1.238785
1334,2024-07-23 16:47:52.069742+00:00,-1.439633
1335,2024-07-23 16:47:52.069762+00:00,-0.5648154
1336,2024-07-23 16:47:52.069782+00:00,-0.8161101
1337,2024-07-23 16:47:52.069802+00:00,1.39938
1338,2024-07-23 16:47:52.069822+00:00,0.2521365
1339,2024-07-23 16:47:52.069842+00:00,1.711142
1340,2024-07-23 16:47:52.069862+00:00,-2.116471
1341,2024-07-23 16:47:52.069882+00:00,0.5655235
1342,2024-07-23 16:47:52.069902+00:00,-2.354437
1343,2024-07-23 16:47:52.069922+00:00,3.125609
1344,2024-07-23 16:47:52.069942+00:00,-0.9224146
1345,2024-07-23 16:47:52.069962+00:00,0.7550511
1346,2024-07-23 16:47:52.069982+00:00,-1.77025
1347,2024-07-23 16:47:52.070002+00:00,2.009249
1348,2024-07-23 16:47:52.070022+00:00,0.3230061
1349,2024-07-23 16:47:52.070042+00:00,-3.180166
1350,2024-07-23 16:47:52.070062+00:00,-0.7770993
1351,2024-07-23 16:47:52.070082+00:00,1.39808
1352,2024-07-23 16:47:52.070102+00:00,0.7605776
1353,2024-07-23 16:47:52.070122+00:00,0.002142048
1354,2024-07-23 16:47:52.070142+00:00,1.751128
1355,2024-07-23 16:47:52.070162+00:00,-0.9845069
1356,2024-07-23 16:47:52.070182+00:00,-0.7302863
1357,2024-07-23 16:47:52.070202+00:00,-0.2494778
1358,2024-07-23 16:47:52.070222+00:00,1.943906
1359,2024-07-23 16:47:52.070242+00:00,-1.012465
1360,2024-07-23 16:47:52.070262+00:00,0.5658485
1361,2024-07-23 16:47:52.070282+00:00,-0.397719
1362,2024-07-23 16:47:52.070302+00:00,1.217329
1363,2024-07-23 16:47:52.070322+00:00,0.2456346
1364,2024-07-23 16:47:52.070342+00:00,-3.026074
1365,2024-07-23 16:47:52.070362+00:00,0.4293106
1366,2024-07-23 16:47:52.070382+00:00,-1.855749
1367,2024-07-23 16:47:52.070402+00:00,1.532017
1368,2024-07-23 16:47:52.070422+00:00,0.2394579
1369,2024-07-23 16:47:52.070442+00:00,-0.1552016
1370,2024-07-23 16:47:52.070462+00:00,-0.5173522
1371,2024-07-23 16:47:52.070482+00:00,-0.6733955
1372,2024-07-23 16:47:52.070502+00:00,1.385076
1373,2024-07-23 16:47:52.070522+00:00,1.054134
1374,2024-07-23 16:47:52.070542+00:00,-1.141851
1375,2024-07-23 16:47:52.070562+00:00,0.5840536
1376,2024-07-23 16:47:52.070582+00:00,0.2641648
1377,2024-07-23 16:47:52.070602+00:00,0.1032451
1378,2024-07-23 16:47:52.070622+00:00,0.531389
1379,2024-07-23 16:47:52.070642+00:00,-0.5576634
1380,2024-07-23 16:47:52.070662+00:00,-1.239053
1381,2024-07-23 16:47:52.070682+00:00,0.3916002
1382,2024-07-23 16:47:52.070702+00:00,-1.347633
1383,2024-07-23 16:47:52.070722+00:00,1.610364
1384,2024-07-23 16:47:52.070742+00:00,-1.264735
1385,2024-07-23 16:47:52.070762+00:00,-1.338205
1386,2024-07-23 16:47:52.070782+00:00,2.477704
1387,2024-07-23 16:47:52.070802+00:00,-3.022823
1388,2024-07-23 16:47:52.070822+00:00,0.9299496
1389,2024-07-23 16:47:52.070842+00:00,0.4393884
1390,2024-07-23 16:47:52.070862+00:00,-1.460114
1391,2024-07-23 16:47:52.070882+00:00,2.538171
1392,2024-07-23 16:47:52.070902+00:00,-1.503676
1393,2024-07-23 16:47:52.070922+00:00,1.689686
1394,2024-07-23 16:47:52.070942+00:00,0.3893245
1395,2024-07-23 16:47:52.070962+00:00,-4.43534
1396,2024-07-23 16:47:52.070982+00:00,-2.801761
1397,2024-07-23 16:47:52.071002+00:00,-6.238616
1398,2024-07-23 16:47:52.071022+00:00,-3.491278
1399,2024-07-23 16:47:52.071042+00:00,-2.355738
1400,2024-07-23 16:47:52.071062+00:00,-1.313498
1401,2024-07-23 16:47:52.071082+00:00,-0.7520673
1402,2024-07-23 16:47:52.071102+00:00,-0.5693666
1403,2024-07-23 16:47:52.071122+00:00,-0.2446015
1404,2024-07-23 16:47:52.071142+00:00,-0.1867354
1405,2024-07-23 16:47:52.071162+00:00,-0.1724314
1406,2024-07-23 16:47:52.071182+00:00,-0.1018868
1407,2024-07-23 16:47:52.071202+00:00,-0.1220424
1408,2024-07-23 16:47:52.071222+00:00,-0.07555452
1409,2024-07-23 16:47:52.071242+00:00,-0.01573792
1410,2024-07-23 16:47:52.071262+00:00,-0.05930001
1411,2024-07-23 16:47:52.071282+00:00,-0.02419026
1412,2024-07-23 16:47:52.071302+00:00,-0.0362186
1413,2024-07-23 16:47:52.071322+00:00,-0.06742727
1414,2024-07-23 16:47:52.071342+00:00,0.02262273
1415,2024-07-23 16:47:52.071362+00:00,-0.02809135
1416,2024-07-23 16:47:52.071382+00:00,-0.03394297
1417,2024-07-23 16:47:52.071402+00:00,0.01124457
1418,2024-07-23 16:47:52.071422+00:00,-0.03556842
1419,2024-07-23 16:47:52.071442+00:00,0.002142048
1420,2024-07-23 16:47:52.071462+00:00,-0.01671319
1421,2024-07-23 16:47:52.071482+00:00,-0.01151174
1422,2024-07-23 16:47:52.071502+00:00,0.02944963
1423,2024-07-23 16:47:52.071522+00:00,-0.02679098
1424,2024-07-23 16:47:52.071542+00:00,0.006693311
1425,2024-07-23 16:47:52.071562+00:00,-0.01833864
1426,2024-07-23 16:47:52.071582+00:00,-0.01898882
1427,2024-07-23 16:47:52.071602+00:00,0.03335071
1428,2024-07-23 16:47:52.071622+00:00,-0.01671319
1429,2024-07-23 16:47:52.071642+00:00,0.004417679
1430,2024-07-23 16:47:52.071662+00:00,-0.002409216
1431,2024-07-23 16:47:52.071682+00:00,0.001166777
1432,2024-07-23 16:47:52.071702+00:00,-0.005660119
1433,2024-07-23 16:47:52.071722+00:00,-0.02549062
1434,2024-07-23 16:47:52.071742+00:00,0.01352021
1435,2024-07-23 16:47:52.071762+00:00,0.02229764
1436,2024-07-23 16:47:52.071782+00:00,0.01579584
1437,2024-07-23 16:47:52.071802+00:00,-0.003709577
1438,2024-07-23 16:47:52.071822+00:00,0.01644602
1439,2024-07-23 16:47:52.071842+00:00,-0.008585931
1440,2024-07-23 16:47:52.071862+00:00,0.0138453
1441,2024-07-23 16:47:52.071882+00:00,0.000516596
1442,2024-07-23 16:47:52.071902+00:00,-0.003059397
1443,2024-07-23 16:47:52.071922+00:00,0.01059439
1444,2024-07-23 16:47:52.071942+00:00,0.002792228
1445,2024-07-23 16:47:52.071962+00:00,0.00571804
1446,2024-07-23 16:47:52.071982+00:00,0.01221985
1447,2024-07-23 16:47:52.072002+00:00,-0.006635389
1448,2024-07-23 16:47:52.072022+00:00,0.027174
1449,2024-07-23 16:47:52.072042+00:00,-0.005009938
1450,2024-07-23 16:47:52.072062+00:00,0.007993672
1451,2024-07-23 16:47:52.072082+00:00,0.007668582
1452,2024-07-23 16:47:52.072102+00:00,-0.01346228
1453,2024-07-23 16:47:52.072122+00:00,0.03237544
1454,2024-07-23 16:47:52.072142+00:00,-0.005009938
1455,2024-07-23 16:47:52.072162+00:00,0.007018401
1456,2024-07-23 16:47:52.072182+00:00,0.01807147
1457,2024-07-23 16:47:52.072202+00:00,0.001491867
1458,2024-07-23 16:47:52.072222+00:00,0.009294033
1459,2024-07-23 16:47:52.072242+00:00,-0.01411247
1460,2024-07-23 16:47:52.072262+00:00,0.02392309
1461,2024-07-23 16:47:52.072282+00:00,0.01612093
1462,2024-07-23 16:47:52.072302+00:00,-0.006310299
1463,2024-07-23 16:47:52.072322+00:00,0.02197255
1464,2024-07-23 16:47:52.072342+00:00,-0.005985209
1465,2024-07-23 16:47:52.072362+00:00,0.02002201
1466,2024-07-23 16:47:52.072382+00:00,0.008968943
1467,2024-07-23 16:47:52.072402+00:00,0.01579584
1468,2024-07-23 16:47:52.072422+00:00,0.01872165
1469,2024-07-23 16:47:52.072442+00:00,-0.006635389
1470,2024-07-23 16:47:52.072462+00:00,0.02814927
1471,2024-07-23 16:47:52.072482+00:00,-0.003709577
1472,2024-07-23 16:47:52.072502+00:00,0.007668582
1473,2024-07-23 16:47:52.072522+00:00,0.01742129
1474,2024-07-23 16:47:52.072542+00:00,0.01059439
1475,2024-07-23 16:47:52.072562+00:00,0.04765468
1476,2024-07-23 16:47:52.072582+00:00,0.000191506
1477,2024-07-23 16:47:52.072602+00:00,0.02782418
1478,2024-07-23 16:47:52.072622+00:00,0.008968943
1479,2024-07-23 16:47:52.072642+00:00,0.007993672
1480,2024-07-23 16:47:52.072662+00:00,0.04180306
1481,2024-07-23 16:47:52.072682+00:00,0.004417679
1482,2024-07-23 16:47:52.072702+00:00,0.04993031
1483,2024-07-23 16:47:52.072722+00:00,0.02847436
1484,2024-07-23 16:47:52.072742+00:00,0.04180306
1485,2024-07-23 16:47:52.072762+00:00,0.04472887
1486,2024-07-23 16:47:52.072782+00:00,0.03302562
1487,2024-07-23 16:47:52.072802+00:00,0.008643853
1488,2024-07-23 16:47:52.072822+00:00,-0.001108855
1489,2024-07-23 16:47:52.072842+00:00,0.07788808
1490,2024-07-23 16:47:52.072862+00:00,-0.00696048
1491,2024-07-23 16:47:52.072882+00:00,0.05740739
1492,2024-07-23 16:47:52.072902+00:00,0.04928013
1493,2024-07-23 16:47:52.072922+00:00,0.05643212
1494,2024-07-23 16:47:52.072942+00:00,0.1094218
1495,2024-07-23 16:47:52.072962+00:00,0.03595143
1496,2024-07-23 16:47:52.072982+00:00,0.06553465
1497,2024-07-23 16:47:52.073002+00:00,-0.009561202
1498,2024-07-23 16:47:52.073022+00:00,0.1260014
1499,2024-07-23 16:47:52.073042+00:00,0.06683501
1500,2024-07-23 16:47:52.073062+00:00,0.1874435
1501,2024-07-23 16:47:52.073082+00:00,0.2033729
1502,2024-07-23 16:47:52.073102+00:00,0.1815919
1503,2024-07-23 16:47:52.073122+00:00,1.187421
1504,2024-07-23 16:47:52.073142+00:00,0.9582325
1505,2024-07-23 16:47:52.073162+00:00,2.999149
1506,2024-07-23 16:47:52.073182+00:00,10.65763
1507,2024-07-23 16:47:52.073202+00:00,4.895075
1508,2024-07-23 16:47:52.073222+00:00,8.791282
1509,2024-07-23 16:47:52.073242+00:00,0.8132422
1510,2024-07-23 16:47:52.073262+00:00,7.598201
1511,2024-07-23 16:47:52.073282+00:00,4.035862
1512,2024-07-23 16:47:52.073302+00:00,2.635048
1513,2024-07-23 16:47:52.073322+00:00,5.66749
1514,2024-07-23 16:47:52.073342+00:00,1.396129
1515,2024-07-23 16:47:52.073362+00:00,2.121405
1516,2024-07-23 16:47:52.073382+00:00,2.3727
1517,2024-07-23 16:47:52.073402+00:00,5.073225
1518,2024-07-23 16:47:52.073422+00:00,3.14804
1519,2024-07-23 16:47:52.073442+00:00,-0.5641652
1520,2024-07-23 16:47:52.073462+00:00,9.354989
1521,2024-07-23 16:47:52.073482+00:00,0.4894523
1522,2024-07-23 16:47:52.073502+00:00,9.758101
1523,2024-07-23 16:47:52.073522+00:00,6.554011
1524,2024-07-23 16:47:52.073542+00:00,8.96358
1525,2024-07-23 16:47:52.073562+00:00,5.545906
1526,2024-07-23 16:47:52.073582+00:00,2.383103
1527,2024-07-23 16:47:52.073602+00:00,9.797762
1528,2024-07-23 16:47:52.073622+00:00,-2.605407
1529,2024-07-23 16:47:52.073642+00:00,4.742283
1530,2024-07-23 16:47:52.073662+00:00,2.428616
1531,2024-07-23 16:47:52.073682+00:00,2.833028
1532,2024-07-23 16:47:52.073702+00:00,3.408438
1533,2024-07-23 16:47:52.073722+00:00,1.703664
1534,2024-07-23 16:47:52.073742+00:00,4.807301
1535,2024-07-23 16:47:52.073762+00:00,-4.779285
1536,2024-07-23 16:47:52.073782+00:00,3.312536
1537,2024-07-23 16:47:52.073802+00:00,2.176996
1538,2024-07-23 16:47:52.073822+00:00,2.134734
1539,2024-07-23 16:47:52.073842+00:00,0.1302276
1540,2024-07-23 16:47:52.073862+00:00,-3.800764
1541,2024-07-23 16:47:52.073882+00:00,4.466606
1542,2024-07-23 16:47:52.073902+00:00,-2.682128
1543,2024-07-23 16:47:52.073922+00:00,1.726096
1544,2024-07-23 16:47:52.073942+00:00,0.9585576
1545,2024-07-23 16:47:52.073962+00:00,2.590511
1546,2024-07-23 16:47:52.073982+00:00,4.835584
1547,2024-07-23 16:47:52.074002+00:00,2.13636
1548,2024-07-23 16:47:52.074022+00:00,9.056231
1549,2024-07-23 16:47:52.074042+00:00,1.359719
1550,2024-07-23 16:47:52.074062+00:00,3.010852
1551,2024-07-23 16:47:52.074082+00:00,4.213036
1552,2024-07-23 16:47:52.074102+00:00,3.830405
1553,2024-07-23 16:47:52.074122+00:00,0.01514566
1554,2024-07-23 16:47:52.074142+00:00,-5.977893
1555,2024-07-23 16:47:52.074162+00:00,0.3122781
1556,2024-07-23 16:47:52.074182+00:00,1.795015
1557,2024-07-23 16:47:52.074202+00:00,3.319688
1558,2024-07-23 16:47:52.074222+00:00,-1.01539
1559,2024-07-23 16:47:52.074242+00:00,-0.8183857
1560,2024-07-23 16:47:52.074262+00:00,-0.3736623
1561,2024-07-23 16:47:52.074282+00:00,-2.354437
1562,2024-07-23 16:47:52.074302+00:00,1.887666
1563,2024-07-23 16:47:52.074322+00:00,4.409716
1564,2024-07-23 16:47:52.074342+00:00,2.368474
1565,2024-07-23 16:47:52.074362+00:00,-2.764701
1566,2024-07-23 16:47:52.074382+00:00,-0.8414672
1567,2024-07-23 16:47:52.074402+00:00,2.501436
1568,2024-07-23 16:47:52.074422+00:00,3.290105
1569,2024-07-23 16:47:52.074442+00:00,-0.6863991
1570,2024-07-23 16:47:52.074462+00:00,-2.383695
1571,2024-07-23 16:47:52.074482+00:00,1.721219
1572,2024-07-23 16:47:52.074502+00:00,1.716018
1573,2024-07-23 16:47:52.074522+00:00,1.922125
1574,2024-07-23 16:47:52.074542+00:00,-2.520883
1575,2024-07-23 16:47:52.074562+00:00,-0.3531816
1576,2024-07-23 16:47:52.074582+00:00,1.339238
1577,2024-07-23 16:47:52.074602+00:00,-0.808308
1578,2024-07-23 16:47:52.074622+00:00,1.954959
1579,2024-07-23 16:47:52.074642+00:00,-1.038472
1580,2024-07-23 16:47:52.074662+00:00,1.938705
1581,2024-07-23 16:47:52.074682+00:00,-1.048875
1582,2024-07-23 16:47:52.074702+00:00,-1.307972
1583,2024-07-23 16:47:52.074722+00:00,1.504384
1584,2024-07-23 16:47:52.074742+00:00,0.003767499
1585,2024-07-23 16:47:52.074762+00:00,2.589535
1586,2024-07-23 16:47:52.074782+00:00,-2.630764
1587,2024-07-23 16:47:52.074802+00:00,-1.127547
1588,2024-07-23 16:47:52.074822+00:00,0.5167599
1589,2024-07-23 16:47:52.074842+00:00,1.718619
1590,2024-07-23 16:47:52.074862+00:00,3.404212
1591,2024-07-23 16:47:52.074882+00:00,-1.91589
1592,2024-07-23 16:47:52.074902+00:00,-1.269611
1593,2024-07-23 16:47:52.074922+00:00,-0.5674161
1594,2024-07-23 16:47:52.074942+00:00,1.441642
1595,2024-07-23 16:47:52.074962+00:00,3.482233
1596,2024-07-23 16:47:52.074982+00:00,-0.5261296
1597,2024-07-23 16:47:52.075002+00:00,-0.7452404
1598,2024-07-23 16:47:52.075022+00:00,-2.877182
1599,2024-07-23 16:47:52.075042+00:00,-0.9136372
1600,2024-07-23 16:47:52.075062+00:00,1.316157
1601,2024-07-23 16:47:52.075082+00:00,0.6133117
1602,2024-07-23 16:47:52.075102+00:00,1.786237
1603,2024-07-23 16:47:52.075122+00:00,-1.506927
1604,2024-07-23 16:47:52.075142+00:00,-1.561867
1605,2024-07-23 16:47:52.075162+00:00,0.3340592
1606,2024-07-23 16:47:52.075182+00:00,0.5258624
1607,2024-07-23 16:47:52.075202+00:00,3.532947
1608,2024-07-23 16:47:52.075222+00:00,0.344137
1609,2024-07-23 16:47:52.075242+00:00,-1.652242
1610,2024-07-23 16:47:52.075262+00:00,-2.61516
1611,2024-07-23 16:47:52.075282+00:00,-3.298174
1612,2024-07-23 16:47:52.075302+00:00,1.485204
1613,2024-07-23 16:47:52.075322+00:00,2.560277
1614,2024-07-23 16:47:52.075342+00:00,3.649004
1615,2024-07-23 16:47:52.075362+00:00,2.464376
1616,2024-07-23 16:47:52.075382+00:00,-0.7540179
1617,2024-07-23 16:47:52.075402+00:00,-0.9536233
1618,2024-07-23 16:47:52.075422+00:00,-4.032553
1619,2024-07-23 16:47:52.075442+00:00,-2.641492
1620,2024-07-23 16:47:52.075462+00:00,-0.7956294
1621,2024-07-23 16:47:52.075482+00:00,0.6393189
1622,2024-07-23 16:47:52.075502+00:00,5.084928
1623,2024-07-23 16:47:52.075522+00:00,4.257573
1624,2024-07-23 16:47:52.075542+00:00,5.683094
1625,2024-07-23 16:47:52.075562+00:00,3.006626
1626,2024-07-23 16:47:52.075582+00:00,-0.2407004
1627,2024-07-23 16:47:52.075602+00:00,-0.003384487
1628,2024-07-23 16:47:52.075622+00:00,-4.601461
1629,2024-07-23 16:47:52.075642+00:00,-3.611886
1630,2024-07-23 16:47:52.075662+00:00,-5.531219
1631,2024-07-23 16:47:52.075682+00:00,-7.40764
1632,2024-07-23 16:47:52.075702+00:00,-6.213909
1633,2024-07-23 16:47:52.075722+00:00,-8.215164
1634,2024-07-23 16:47:52.075742+00:00,-6.815001
1635,2024-07-23 16:47:52.075762+00:00,-6.373203
1636,2024-07-23 16:47:52.075782+00:00,-3.115473
1637,2024-07-23 16:47:52.075802+00:00,0.8688327
1638,2024-07-23 16:47:52.075822+00:00,-0.1815339
1639,2024-07-23 16:47:52.075842+00:00,8.305272
1640,2024-07-23 16:47:52.075862+00:00,3.232564
1641,2024-07-23 16:47:52.075882+00:00,2.218607
1642,2024-07-23 16:47:52.075902+00:00,1.542745
1643,2024-07-23 16:47:52.075922+00:00,-3.06736
1644,2024-07-23 16:47:52.075942+00:00,-0.5267798
1645,2024-07-23 16:47:52.075962+00:00,-1.856724
1646,2024-07-23 16:47:52.075982+00:00,2.678935
1647,2024-07-23 16:47:52.076002+00:00,-2.906766
1648,2024-07-23 16:47:52.076022+00:00,-0.8905558
1649,2024-07-23 16:47:52.076042+00:00,1.788838
1650,2024-07-23 16:47:52.076062+00:00,-2.490325
1651,2024-07-23 16:47:52.076082+00:00,-0.6044764
1652,2024-07-23 16:47:52.076102+00:00,1.368171
1653,2024-07-23 16:47:52.076122+00:00,-0.6473883
1654,2024-07-23 16:47:52.076142+00:00,1.252114
1655,2024-07-23 16:47:52.076162+00:00,-0.6903002
1656,2024-07-23 16:47:52.076182+00:00,-1.835268
1657,2024-07-23 16:47:52.076202+00:00,-4.581631
1658,2024-07-23 16:47:52.076222+00:00,1.520964
1659,2024-07-23 16:47:52.076242+00:00,3.116507
1660,2024-07-23 16:47:52.076262+00:00,1.797616
1661,2024-07-23 16:47:52.076282+00:00,-1.814462
1662,2024-07-23 16:47:52.076302+00:00,-3.759477
1663,2024-07-23 16:47:52.076322+00:00,0.4995301
1664,2024-07-23 16:47:52.076342+00:00,1.165315
1665,2024-07-23 16:47:52.076362+00:00,2.999149
1666,2024-07-23 16:47:52.076382+00:00,0.9598579
1667,2024-07-23 16:47:52.076402+00:00,-0.4377051
1668,2024-07-23 16:47:52.076422+00:00,-0.9874327
1669,2024-07-23 16:47:52.076442+00:00,-1.762448
1670,2024-07-23 16:47:52.076462+00:00,-0.6776217
1671,2024-07-23 16:47:52.076482+00:00,-1.84307
1672,2024-07-23 16:47:52.076502+00:00,0.7495245
1673,2024-07-23 16:47:52.076522+00:00,0.1968711
1674,2024-07-23 16:47:52.076542+00:00,1.642873
1675,2024-07-23 16:47:52.076562+00:00,0.8099913
1676,2024-07-23 16:47:52.076582+00:00,-0.4282774
1677,2024-07-23 16:47:52.076602+00:00,0.5808027
1678,2024-07-23 16:47:52.076622+00:00,-1.010189
1679,2024-07-23 16:47:52.076642+00:00,1.357768
1680,2024-07-23 16:47:52.076662+00:00,-0.1200919
1681,2024-07-23 16:47:52.076682+00:00,0.6929588
1682,2024-07-23 16:47:52.076702+00:00,0.4244343
1683,2024-07-23 16:47:52.076722+00:00,-0.3434289
1684,2024-07-23 16:47:52.076742+00:00,1.25634
1685,2024-07-23 16:47:52.076762+00:00,-0.6132538
1686,2024-07-23 16:47:52.076782+00:00,0.7498496
1687,2024-07-23 16:47:52.076802+00:00,-0.4370549
1688,2024-07-23 16:47:52.076822+00:00,0.3743704
1689,2024-07-23 16:47:52.076842+00:00,0.7605776
1690,2024-07-23 16:47:52.076862+00:00,-0.9734538
1691,2024-07-23 16:47:52.076882+00:00,0.7820336
1692,2024-07-23 16:47:52.076902+00:00,-1.442234
1693,2024-07-23 16:47:52.076922+00:00,0.8109666
1694,2024-07-23 16:47:52.076942+00:00,-0.7228092
1695,2024-07-23 16:47:52.076962+00:00,-0.3252238
1696,2024-07-23 16:47:52.076982+00:00,0.4790494
1697,2024-07-23 16:47:52.077002+00:00,-1.744893
1698,2024-07-23 16:47:52.077022+00:00,1.736173
1699,2024-07-23 16:47:52.077042+00:00,-1.348933
1700,2024-07-23 16:47:52.077062+00:00,1.270319
1701,2024-07-23 16:47:52.077082+00:00,-0.2845876
1702,2024-07-23 16:47:52.077102+00:00,-1.04855
1703,2024-07-23 16:47:52.077122+00:00,1.513812
1704,2024-07-23 16:47:52.077142+00:00,-1.866802
1705,2024-07-23 16:47:52.077162+00:00,1.999497
1706,2024-07-23 16:47:52.077182+00:00,-2.29267
1707,2024-07-23 16:47:52.077202+00:00,-0.8795027
1708,2024-07-23 16:47:52.077222+00:00,-1.624935
1709,2024-07-23 16:47:52.077242+00:00,-3.544918
1710,2024-07-23 16:47:52.077262+00:00,0.6627254
1711,2024-07-23 16:47:52.077282+00:00,-2.68863
1712,2024-07-23 16:47:52.077302+00:00,3.051489
1713,2024-07-23 16:47:52.077322+00:00,1.672456
1714,2024-07-23 16:47:52.077342+00:00,3.039785
1715,2024-07-23 16:47:52.077362+00:00,1.269344
1716,2024-07-23 16:47:52.077382+00:00,-4.523114
1717,2024-07-23 16:47:52.077402+00:00,0.2979742
1718,2024-07-23 16:47:52.077422+00:00,-0.145774
1719,2024-07-23 16:47:52.077442+00:00,7.842344
1720,2024-07-23 16:47:52.077462+00:00,2.820349
1721,2024-07-23 16:47:52.077482+00:00,1.349316
1722,2024-07-23 16:47:52.077502+00:00,3.016379
1723,2024-07-23 16:47:52.077522+00:00,-6.628074
1724,2024-07-23 16:47:52.077542+00:00,3.348296
1725,2024-07-23 16:47:52.077562+00:00,-1.294318
1726,2024-07-23 16:47:52.077582+00:00,1.245612
1727,2024-07-23 16:47:52.077602+00:00,2.872039
1728,2024-07-23 16:47:52.077622+00:00,-1.898336
1729,2024-07-23 16:47:52.077642+00:00,0.001491867
1730,2024-07-23 16:47:52.077662+00:00,-5.287401
1731,2024-07-23 16:47:52.077682+00:00,1.372397
1732,2024-07-23 16:47:52.077702+00:00,2.316134
1733,2024-07-23 16:47:52.077722+00:00,4.96497
1734,2024-07-23 16:47:52.077742+00:00,1.479677
1735,2024-07-23 16:47:52.077762+00:00,-5.889794
1736,2024-07-23 16:47:52.077782+00:00,-1.111292
1737,2024-07-23 16:47:52.077802+00:00,-8.972625
1738,2024-07-23 16:47:52.077822+00:00,-1.955551
1739,2024-07-23 16:47:52.077842+00:00,-4.283198
1740,2024-07-23 16:47:52.077862+00:00,-0.2725592
1741,2024-07-23 16:47:52.077882+00:00,5.442202
1742,2024-07-23 16:47:52.077902+00:00,2.931205
1743,2024-07-23 16:47:52.077922+00:00,10.65763
1744,2024-07-23 16:47:52.077942+00:00,5.816381
1745,2024-07-23 16:47:52.077962+00:00,7.257181
1746,2024-07-23 16:47:52.077982+00:00,3.623322
1747,2024-07-23 16:47:52.078002+00:00,0.8646065
1748,2024-07-23 16:47:52.078022+00:00,1.956585
1749,2024-07-23 16:47:52.078042+00:00,-4.421361
1750,2024-07-23 16:47:52.078062+00:00,-0.2803614
1751,2024-07-23 16:47:52.078082+00:00,-5.941158
1752,2024-07-23 16:47:52.078102+00:00,-3.475999
1753,2024-07-23 16:47:52.078122+00:00,-2.991614
1754,2024-07-23 16:47:52.078142+00:00,-2.415879
1755,2024-07-23 16:47:52.078162+00:00,3.878193
1756,2024-07-23 16:47:52.078182+00:00,2.415937
1757,2024-07-23 16:47:52.078202+00:00,5.528676
1758,2024-07-23 16:47:52.078222+00:00,1.419536
1759,2024-07-23 16:47:52.078242+00:00,-0.97768
1760,2024-07-23 16:47:52.078262+00:00,-2.022845
1761,2024-07-23 16:47:52.078282+00:00,-4.763681
1762,2024-07-23 16:47:52.078302+00:00,-0.8573966
1763,2024-07-23 16:47:52.078322+00:00,0.5612973
1764,2024-07-23 16:47:52.078342+00:00,4.201658
1765,2024-07-23 16:47:52.078362+00:00,2.194226
1766,2024-07-23 16:47:52.078382+00:00,-0.3135206
1767,2024-07-23 16:47:52.078402+00:00,-3.22958
1768,2024-07-23 16:47:52.078422+00:00,-3.961358
1769,2024-07-23 16:47:52.078442+00:00,2.491683
1770,2024-07-23 16:47:52.078462+00:00,2.191625
1771,2024-07-23 16:47:52.078482+00:00,4.311213
1772,2024-07-23 16:47:52.078502+00:00,-1.534234
1773,2024-07-23 16:47:52.078522+00:00,-4.90542
1774,2024-07-23 16:47:52.078542+00:00,-2.413279
1775,2024-07-23 16:47:52.078562+00:00,0.03270053
1776,2024-07-23 16:47:52.078582+00:00,4.387935
1777,2024-07-23 16:47:52.078602+00:00,-1.125271
1778,2024-07-23 16:47:52.078622+00:00,0.01221985
1779,2024-07-23 16:47:52.078642+00:00,-3.152209
1780,2024-07-23 16:47:52.078662+00:00,0.09414259
1781,2024-07-23 16:47:52.078682+00:00,1.197824
1782,2024-07-23 16:47:52.078702+00:00,-1.893134
1783,2024-07-23 16:47:52.078722+00:00,1.275846
1784,2024-07-23 16:47:52.078742+00:00,-3.570275
1785,2024-07-23 16:47:52.078762+00:00,4.963344
1786,2024-07-23 16:47:52.078782+00:00,3.113581
1787,2024-07-23 16:47:52.078802+00:00,-1.444835
1788,2024-07-23 16:47:52.078822+00:00,-0.4819173
1789,2024-07-23 16:47:52.078842+00:00,-4.498082
1790,2024-07-23 16:47:52.078862+00:00,5.65156
1791,2024-07-23 16:47:52.078882+00:00,2.89447
1792,2024-07-23 16:47:52.078902+00:00,1.244962
1793,2024-07-23 16:47:52.078922+00:00,-0.6395861
1794,2024-07-23 16:47:52.078942+00:00,-0.2667076
1795,2024-07-23 16:47:52.078962+00:00,7.650865
1796,2024-07-23 16:47:52.078982+00:00,0.5879547
1797,2024-07-23 16:47:52.079002+00:00,0.8532283
1798,2024-07-23 16:47:52.079022+00:00,-2.402876
1799,2024-07-23 16:47:52.079042+00:00,1.348991
1800,2024-07-23 16:47:52.079062+00:00,5.265678
1801,2024-07-23 16:47:52.079082+00:00,-1.869728
1802,2024-07-23 16:47:52.079102+00:00,0.001816957
1803,2024-07-23 16:47:52.079122+00:00,-4.012723
1804,2024-07-23 16:47:52.079142+00:00,2.955587
1805,2024-07-23 16:47:52.079162+00:00,2.082069
1806,2024-07-23 16:47:52.079182+00:00,-2.645393
1807,2024-07-23 16:47:52.079202+00:00,0.347713
1808,2024-07-23 16:47:52.079222+00:00,-4.205176
1809,2024-07-23 16:47:52.079242+00:00,4.144117
1810,2024-07-23 16:47:52.079262+00:00,1.464723
1811,2024-07-23 16:47:52.079282+00:00,4.003678
1812,2024-07-23 16:47:52.079302+00:00,2.020953
1813,2024-07-23 16:47:52.079322+00:00,-2.927896
1814,2024-07-23 16:47:52.079342+00:00,0.693609
1815,2024-07-23 16:47:52.079362+00:00,-2.709436
1816,2024-07-23 16:47:52.079382+00:00,1.484229
1817,2024-07-23 16:47:52.079402+00:00,1.117202
1818,2024-07-23 16:47:52.079422+00:00,-0.5020729
1819,2024-07-23 16:47:52.079442+00:00,3.612594
1820,2024-07-23 16:47:52.079462+00:00,-0.09083376
1821,2024-07-23 16:47:52.079482+00:00,3.048563
1822,2024-07-23 16:47:52.079502+00:00,-1.641514
1823,2024-07-23 16:47:52.079522+00:00,-2.259186
1824,2024-07-23 16:47:52.079542+00:00,0.1103971
1825,2024-07-23 16:47:52.079562+00:00,-1.196791
1826,2024-07-23 16:47:52.079582+00:00,1.691636
1827,2024-07-23 16:47:52.079602+00:00,-3.728269
1828,2024-07-23 16:47:52.079622+00:00,0.7423726
1829,2024-07-23 16:47:52.079642+00:00,-1.993912
1830,2024-07-23 16:47:52.079662+00:00,1.584681
1831,2024-07-23 16:47:52.079682+00:00,-0.5602641
1832,2024-07-23 16:47:52.079702+00:00,1.758605
1833,2024-07-23 16:47:52.079722+00:00,2.554101
1834,2024-07-23 16:47:52.079742+00:00,1.236835
1835,2024-07-23 16:47:52.079762+00:00,3.445498
1836,2024-07-23 16:47:52.079782+00:00,0.5427671
1837,2024-07-23 16:47:52.079802+00:00,0.6624003
1838,2024-07-23 16:47:52.079822+00:00,-0.8541457
1839,2024-07-23 16:47:52.079842+00:00,-0.1399224
1840,2024-07-23 16:47:52.079862+00:00,2.51769
1841,2024-07-23 16:47:52.079882+00:00,-0.2374495
1842,2024-07-23 16:47:52.079902+00:00,0.5593467
1843,2024-07-23 16:47:52.079922+00:00,-1.294968
1844,2024-07-23 16:47:52.079942+00:00,1.492031
1845,2024-07-23 16:47:52.079962+00:00,-0.9591498
1846,2024-07-23 16:47:52.079982+00:00,-1.439958
1847,2024-07-23 16:47:52.080002+00:00,-1.24913
1848,2024-07-23 16:47:52.080022+00:00,-1.962378
1849,2024-07-23 16:47:52.080042+00:00,2.413662
1850,2024-07-23 16:47:52.080062+00:00,-0.4718395
1851,2024-07-23 16:47:52.080082+00:00,1.958535
1852,2024-07-23 16:47:52.080102+00:00,-3.510133
1853,2024-07-23 16:47:52.080122+00:00,0.1903693
1854,2024-07-23 16:47:52.080142+00:00,-0.682498
1855,2024-07-23 16:47:52.080162+00:00,2.340516
1856,2024-07-23 16:47:52.080182+00:00,0.3077269
1857,2024-07-23 16:47:52.080202+00:00,-0.6785969
1858,2024-07-23 16:47:52.080222+00:00,1.052834
1859,2024-07-23 16:47:52.080242+00:00,0.04993031
1860,2024-07-23 16:47:52.080262+00:00,0.8971155
1861,2024-07-23 16:47:52.080282+00:00,-1.208494
1862,2024-07-23 16:47:52.080302+00:00,0.2062987
1863,2024-07-23 16:47:52.080322+00:00,-2.298197
1864,2024-07-23 16:47:52.080342+00:00,0.4553179
1865,2024-07-23 16:47:52.080362+00:00,1.629219
1866,2024-07-23 16:47:52.080382+00:00,0.8694828
1867,2024-07-23 16:47:52.080402+00:00,-0.09701048
1868,2024-07-23 16:47:52.080422+00:00,-1.180211
1869,2024-07-23 16:47:52.080442+00:00,1.979341
1870,2024-07-23 16:47:52.080462+00:00,-0.9298917
1871,2024-07-23 16:47:52.080482+00:00,0.6487466
1872,2024-07-23 16:47:52.080502+00:00,-0.8866547
1873,2024-07-23 16:47:52.080522+00:00,-0.5521368
1874,2024-07-23 16:47:52.080542+00:00,1.356468
1875,2024-07-23 16:47:52.080562+00:00,0.2878964
1876,2024-07-23 16:47:52.080582+00:00,1.396779
1877,2024-07-23 16:47:52.080602+00:00,-2.0404
1878,2024-07-23 16:47:52.080622+00:00,0.8441258
1879,2024-07-23 16:47:52.080642+00:00,-0.2962908
1880,2024-07-23 16:47:52.080662+00:00,0.2807444
1881,2024-07-23 16:47:52.080682+00:00,-0.4975217
1882,2024-07-23 16:47:52.080702+00:00,-0.8905558
1883,2024-07-23 16:47:52.080722+00:00,0.9751372
1884,2024-07-23 16:47:52.080742+00:00,-2.900914
1885,2024-07-23 16:47:52.080762+00:00,3.488735
1886,2024-07-23 16:47:52.080782+00:00,-2.27284
1887,2024-07-23 16:47:52.080802+00:00,0.1204749
1888,2024-07-23 16:47:52.080822+00:00,1.825898
1889,2024-07-23 16:47:52.080842+00:00,-2.465943
1890,2024-07-23 16:47:52.080862+00:00,4.823556
1891,2024-07-23 16:47:52.080882+00:00,-5.275698
1892,2024-07-23 16:47:52.080902+00:00,-0.3141708
1893,2024-07-23 16:47:52.080922+00:00,-0.3336762
1894,2024-07-23 16:47:52.080942+00:00,-3.706488
1895,2024-07-23 16:47:52.080962+00:00,10.25776
1896,2024-07-23 16:47:52.080982+00:00,6.56734
1897,2024-07-23 16:47:52.081002+00:00,4.901577
1898,2024-07-23 16:47:52.081022+00:00,3.036209
1899,2024-07-23 16:47:52.081042+00:00,1.624342
1900,2024-07-23 16:47:52.081062+00:00,1.104848
1901,2024-07-23 16:47:52.081082+00:00,0.5307388
1902,2024-07-23 16:47:52.081102+00:00,0.3737202
1903,2024-07-23 16:47:52.081122+00:00,0.2914724
1904,2024-07-23 16:47:52.081142+00:00,0.1090967
1905,2024-07-23 16:47:52.081162+00:00,0.1474574
1906,2024-07-23 16:47:52.081182+00:00,0.09674331
1907,2024-07-23 16:47:52.081202+00:00,0.07951353
1908,2024-07-23 16:47:52.081222+00:00,0.09641822
1909,2024-07-23 16:47:52.081242+00:00,0.02164746
1910,2024-07-23 16:47:52.081262+00:00,0.04928013
1911,2024-07-23 16:47:52.081282+00:00,0.08113898
1912,2024-07-23 16:47:52.081302+00:00,0.003767499
1913,2024-07-23 16:47:52.081322+00:00,0.04862995
1914,2024-07-23 16:47:52.081342+00:00,0.04277833
1915,2024-07-23 16:47:52.081362+00:00,0.001491867
1916,2024-07-23 16:47:52.081382+00:00,0.04830486
1917,2024-07-23 16:47:52.081402+00:00,-0.01248701
1918,2024-07-23 16:47:52.081422+00:00,0.05448158
1919,2024-07-23 16:47:52.081442+00:00,0.02944963
1920,2024-07-23 16:47:52.081462+00:00,-0.01996409
1921,2024-07-23 16:47:52.081482+00:00,0.06163356
1922,2024-07-23 16:47:52.081502+00:00,-0.008911021
1923,2024-07-23 16:47:52.081522+00:00,0.01742129
1924,2024-07-23 16:47:52.081542+00:00,0.05253104
1925,2024-07-23 16:47:52.081562+00:00,-0.02484044
1926,2024-07-23 16:47:52.081582+00:00,0.05675721
1927,2024-07-23 16:47:52.081602+00:00,0.01514566
1928,2024-07-23 16:47:52.081622+00:00,-0.006310299
1929,2024-07-23 16:47:52.081642+00:00,0.02749909
1930,2024-07-23 16:47:52.081662+00:00,-0.01671319
1931,2024-07-23 16:47:52.081682+00:00,0.01839656
1932,2024-07-23 16:47:52.081702+00:00,0.01644602
1933,2024-07-23 16:47:52.081722+00:00,-0.004684848
1934,2024-07-23 16:47:52.081742+00:00,0.04667941
1935,2024-07-23 16:47:52.081762+00:00,-0.01573792
1936,2024-07-23 16:47:52.081782+00:00,-0.002734306
1937,2024-07-23 16:47:52.081802+00:00,0.01319512
1938,2024-07-23 16:47:52.081822+00:00,-0.02776626
1939,2024-07-23 16:47:52.081842+00:00,0.04960522
1940,2024-07-23 16:47:52.081862+00:00,-0.01118665
1941,2024-07-23 16:47:52.081882+00:00,-0.002734306
1942,2024-07-23 16:47:52.081902+00:00,0.03757688
1943,2024-07-23 16:47:52.081922+00:00,-0.02646589
1944,2024-07-23 16:47:52.081942+00:00,0.0405027
1945,2024-07-23 16:47:52.081962+00:00,-0.03329279
1946,2024-07-23 16:47:52.081982+00:00,-0.009236111
1947,2024-07-23 16:47:52.082002+00:00,0.03497616
1948,2024-07-23 16:47:52.082022+00:00,-0.04337059
1949,2024-07-23 16:47:52.082042+00:00,0.04310342
1950,2024-07-23 16:47:52.082062+00:00,-0.02386517
1951,2024-07-23 16:47:52.082082+00:00,0.00474277
1952,2024-07-23 16:47:52.082102+00:00,0.02164746
1953,2024-07-23 16:47:52.082122+00:00,-0.03524333
1954,2024-07-23 16:47:52.082142+00:00,0.03302562
1955,2024-07-23 16:47:52.082162+00:00,-0.02776626
1956,2024-07-23 16:47:52.082182+00:00,0.01872165
1957,2024-07-23 16:47:52.082202+00:00,0.00506786
1958,2024-07-23 16:47:52.082222+00:00,-0.02679098
1959,2024-07-23 16:47:52.082242+00:00,0.02749909
1960,2024-07-23 16:47:52.082262+00:00,-0.02126445
1961,2024-07-23 16:47:52.082282+00:00,0.02749909
1962,2024-07-23 16:47:52.082302+00:00,-0.01508774
1963,2024-07-23 16:47:52.082322+00:00,-0.001108855
1964,2024-07-23 16:47:52.082342+00:00,0.01514566
1965,2024-07-23 16:47:52.082362+00:00,-0.02093936
1966,2024-07-23 16:47:52.082382+00:00,0.02132237
1967,2024-07-23 16:47:52.082402+00:00,-0.03036698
1968,2024-07-23 16:47:52.082422+00:00,-0.002084126
1969,2024-07-23 16:47:52.082442+00:00,-0.003384487
1970,2024-07-23 16:47:52.082462+00:00,-0.002734306
1971,2024-07-23 16:47:52.082482+00:00,0.02879945
1972,2024-07-23 16:47:52.082502+00:00,-0.01931391
1973,2024-07-23 16:47:52.082522+00:00,0.009619123
1974,2024-07-23 16:47:52.082542+00:00,-0.0362186
1975,2024-07-23 16:47:52.082562+00:00,0.000191506
1976,2024-07-23 16:47:52.082582+00:00,-0.001433945
1977,2024-07-23 16:47:52.082602+00:00,-0.02061427
1978,2024-07-23 16:47:52.082622+00:00,0.01319512
1979,2024-07-23 16:47:52.082642+00:00,-0.00728557
1980,2024-07-23 16:47:52.082662+00:00,0.03465107
1981,2024-07-23 16:47:52.082682+00:00,-0.03361788
1982,2024-07-23 16:47:52.082702+00:00,-0.01801355
1983,2024-07-23 16:47:52.082722+00:00,-0.02061427
1984,2024-07-23 16:47:52.082742+00:00,-0.01248701
1985,2024-07-23 16:47:52.082762+00:00,-0.01021138
1986,2024-07-23 16:47:52.082782+00:00,-0.05117275
1987,2024-07-23 16:47:52.082802+00:00,-0.01573792
1988,2024-07-23 16:47:52.082822+00:00,-0.04922221
1989,2024-07-23 16:47:52.082842+00:00,0.006043131
1990,2024-07-23 16:47:52.082862+00:00,-0.001759036
1991,2024-07-23 16:47:52.082882+00:00,-0.05182293
1992,2024-07-23 16:47:52.082902+00:00,-0.01378737
1993,2024-07-23 16:47:52.082922+00:00,-0.08465705
1994,2024-07-23 16:47:52.082942+00:00,0.008968943
1995,2024-07-23 16:47:52.082962+00:00,-0.1174912
1996,2024-07-23 16:47:52.082982+00:00,-0.00728557
1997,2024-07-23 16:47:52.083002+00:00,-0.1217173
1998,2024-07-23 16:47:52.083022+00:00,-0.08270651
1999,2024-07-23 16:47:52.083042+00:00,-0.1194417
